,0
80b885ef5fcac273c4dd5e459493c8cf,22803.0
4ace7fcc0083591c1092e2f13b37bc87,12817.0
15df22f0d7d38560e477037e76778c86,11745.0
f62855168dae50e0d2972bcce49cef9b,11625.0
89dd433c7237a35a5a806adb80eab185,11482.0
dc9929f1d1f5de503affce1fa9a1ae22,10944.0
395024ccfb3a2a0f137c95d1633c7c8a,7089.0
94bf09802c7d626169e6cbea4e8b53cd,6969.0
ee1a8aa836fe122e57faa3b111621439,6342.0
9566f1062d5e4af4e6e6e496558801ec,6219.0
fc585a4b67822c597f6bec671cd910ca,4961.0
2f18114568e61ae0d2ab0afe72e6a2b4,4011.0
810f50276603d7b222e35ca242219a06,3786.0
b92b67fe006ad404f0bdad3cc2effc99,3604.0
903433c68f82c452ead8cac033824b38,3471.0
4e45518041a8be3a294adb4303c332d8,3451.0
db0a7fc3426e714cdcf5f3051d15cc82,3315.0
c858b4fc47cfb2e72b51d6608ff2dff8,3076.0
975185772993a0a02bd379cd7c45c4b1,3028.0
b8fcc6fc2d17f427911ee4488a6e0300,2857.0
338abc21f33b97185e9c515c4b245159,2506.0
33a53c31b6055486f741d63dbc696170,2445.0
91c439b4406f468adf9f39d4179d31e0,2442.0
cf192262cefa749465d55ac87a026901,2437.0
bd9c592e632f23d10a5017ab2da2cba8,2420.0
6c9902b3dbd65afc438993913eb73f98,2378.0
742862e95673808ddbb337bf6d614f91,2305.0
95ba23c5f6aeb7a11b3460b98fbb7ebd,2233.0
f75a016e69c7a2f2fa83762c79af12b6,2132.0
6a017116b096c3a8eae2e2b70e798c3a,2125.0
0043309aa56a0bf33ec8c9eaa7db1040,1966.0
3adb61dcb71343a15597828f09d52cc9,1807.0
86a822b0bc83431aefe0897a431f429f,1786.0
881e42f800c62f2c9ae45bc33e4e82d8,1729.0
9f5bc4a32a0f99d056dc14714e13876d,1662.0
f341f1111b6dafd011d62f98b0296fd0,1560.0
614a03a75fadaef9f93f3cf32e03f10f,1537.0
8a3cbbfb060b50c2b723151a011dba65,1507.0
d2a8ef245e1c55b09477fd7af29a1631,1459.0
64046cef8774fdf3ac228f56d9a9faba,1449.0
6beb14559d1aba62f0dfb87842d09c0c,1438.0
f20423bd30bb3ed49dd2644592de190c,1431.0
5627ca848642b459dc97955c9251d8f4,1414.0
e5fbe4ca4173d2d4e0b37fd52291cf7f,1387.0
d3d63eaf6f68b56e54e2c70f4f95734f,1386.0
21a8ad5d79797b83f5d119abdaacb12a,1324.0
3e2599cee19734784d080b6373f4e0a8,1313.0
f9f77c98298fa732e7a07c070ae56a69,1310.0
8dbb087890afbe5d14f0319dd69a499b,1305.0
bfffb72781e6d2a484a0e085cf35e9b0,1302.0
844b00c4a2f945872743c1e942712bae,1298.0
5ff66149a881b4e4e6d84c84fc05b0f4,1297.0
e6cd02c0c9d46b49249a85e5abf2c10d,1204.0
982b8b9f2b02fe63732aac75bc50bf1b,1200.0
793f0dcf00834e2e8c9cdfb2c6f0ee2f,1197.0
0916fe10bcfc0678225450a902686a93,1180.0
e0cddcce79b84a02f3eff2c65916c3b1,1174.0
7b0a0dd358e6a133de22f42e016355a6,1164.0
74cd0027f6e584f968ba525102fa196a,1161.0
111b00d2b6f5bd61ad503a30f08e1615,1126.0
a5f51db642efcf47642d34751214285d,1126.0
92b38e1d797516c10e8a8c85a71e6dc4,1125.0
fccb875a6630500bf5d6bdd3a52c4624,1114.0
a318ee7e1247d88f4b932b10e3cf5ac9,1092.0
0d515ed9f2b21b14ad5cc290f3b9d174,1090.0
15f803ac97480124663d25d1da08a648,1080.0
dcdf88398419d0db7619516fde21034b,1036.0
eb523c30d27d29a902fb33cd49340a40,1030.0
b3f2867c6ba44eb6b9e5f35616937399,1009.0
4ecd792232444956d61b62d6f0a1a9be,994.0
4bbc7122741c63bab542abf3984c69d3,970.0
1180e4e3bbe95ea3055a5d7a0e53b5e3,969.0
669075e74544cff752c8a6c64b27bcbc,961.0
324535abe060e88246b6e58752807621,944.0
f5a566fab400b05f25a5a938deaa018f,939.0
9f571725311822f5ea597c981b4f1b46,931.0
37dda5ac331c145f6bc2933bdf463eff,926.0
cd4841aaf6a34a021bebe33b1e3af11c,926.0
f32f46d75ef4aa7a6ce0cec5de102bb7,922.0
70300f2c1dd61ee44bc5009dd2dd6742,918.0
b4ac49f6c921f509aaddc406ba7376fe,912.0
7f73a7cb42e27d623a7d54355cd1252e,890.0
42ca238c34bed153ac9c94fe70aad176,883.0
1bbde54650b9194fa4cbb6b2c008a103,877.0
96bd5377c435305af332eb9041cd4654,872.0
fe851bd98c618fb1dc58a5d6d66980c5,867.0
da7dabfe03d3ca067cdf37e73dabb5b2,864.0
78edb0dc707e380ec182025e94a88047,855.0
6882050cfb5dcd709cccaaa7adc48177,853.0
330fb4fb3dcaa3c332867cb80a2fdb0c,845.0
d1d49cf5fcc1ef77fd87cea20bde3709,839.0
26d263663ceadd688e584766aa26c60a,839.0
b346ff1755deb0a06fc0ac713aebc0ba,834.0
9702951903c906d330021ab7d4ad5335,824.0
2217a6a8ac9d1f92894532f86aee6192,818.0
f80702fe63030230bf561e642188ff05,812.0
2fc5086981277433bc2875d407742f54,811.0
e346c19d26b1f5a973083a2bad04faf7,810.0
4c292656654ebaf33dfb6c6b4ed568b0,809.0
fa0976bd061bdee0ffae1325a497e84a,807.0
43c54119110718fa142e14e718dee3b2,799.0
dfda72be9c78d5727c29ef11a88ed7f1,790.0
57b2fbaf9c70cbb3479bbb75f3a28510,782.0
26be82a3afc20add2e34617cf488170e,779.0
0e0a6793c46706ad82818f888d806c47,772.0
bb7d9f712c1b44f9095c999922f4f770,771.0
cd5c5b2717d05d53e92436144363873f,770.0
f8b2c8c2edca7aef6b9f553c8c31dd33,766.0
1af712ae49f5ab965720c22d40d2d084,765.0
1e0ad2ecd13e6071f345401898b5a418,760.0
c8b70412ded4e8284473ae6015de9cb5,756.0
c6881a4bfc6f95aeceb5ead5312e13a7,756.0
183ac7a5de8dd858750e86d00f80069a,752.0
f7068f0bb5b084e1c0e6f37d54f53320,751.0
7c666339af7691d874ac7714b005b2dd,745.0
b0b751e03d91bfe1015e5948215a549f,742.0
d2a1f8fa643d393252500240e6232b0f,738.0
06fcc11648b81cd62901b79d0a36282b,738.0
45efe3557447fbaf82f82db4c3d2be41,732.0
2358d0904da3b20d09eabf6f79846cb5,729.0
6058d513a92503076abf8ef239ec0578,721.0
bd4a9058a3c32f1477b503cb546b0c09,720.0
344f7b213880ea4307b079587401a182,714.0
df6f56d774a3aeb6410ec8c6fbe2aff2,714.0
320d6f472dcbe08892f2b09d39db8cba,711.0
2c5c2c5ed9542f834615bc180ec50251,706.0
b1d9756b8531b8124e5c7b4461a7d2a6,705.0
096652ba0fbd60f4ae378eb4ab96cc0f,701.0
58345f05f5a332a01dea739940aca0a2,698.0
1c645442d420ae3ef5ceda9934446c9b,697.0
8118088dc0f70cf3adefd779c05cbb31,693.0
123a695e5e02642ea2e7a813ae606c80,693.0
f653664349d9474aa3cf46a6cc93eaac,689.0
9a622301a4341ef46efb725ea2e12fbe,685.0
dd1a12ef7e80c7cc992f3db3bf62816f,685.0
f1db5f33f20d72bb84383742b58c1793,684.0
c03ed4cce80ff32e1b6e4f8e7016d3e8,682.0
d2f4793878897567b08777bda30dd5df,669.0
7f3af47f013227637622477378e848ef,666.0
ac7240bb880fca56f7069f3611aa480f,662.0
8c8cff15699e01a10e5c0f2e4ccb5219,660.0
b026928b53e2f5e5f6605dfc5141c60b,659.0
ef5794ba0721c8d863d94c157415077e,656.0
e6b80e8c70bd6f4b47a8ac70d86cb762,656.0
9fc3f71f3d69454e50e26365ac388e7f,648.0
948468bd7f9e82a992310b83a3081874,647.0
8fb1164e62ae74ffff2604310f10e17b,645.0
093f726db18d5772625e674479ae438a,631.0
dac34a65b71addc6ddbdd2ab42fe6eda,629.0
d00a4e757caeb5a75f9c1ab1a05ee954,625.0
fd023d9488943c9a623af0867adf5041,622.0
68bc09c17558864e0ddc20a4926e8123,618.0
9ac8427376dedd9fcdadc1d959b854ad,613.0
67303a0468d54c31350a4172cde1642f,613.0
28442f79c8e316d828cada9bfa952216,612.0
0564bc6ffe2cebd2630324585c6a5d90,612.0
057b88e05439f02227be297b9884cce5,608.0
b64bb6b53d11045d1fb1c980a328e20c,602.0
6e8c1a1811bbe6ac452f2a8c3c5a7ca9,601.0
7b030c6ddf0c725d349df68a8ec16453,601.0
e2a3b9b0c00521e70a58abccb2377de5,599.0
1ae54fda00f6dcc8c140b2002b898e29,599.0
2a28fafe47919c9af63eb69366340e18,599.0
1123e357a1bee45b1585e0692d699bd0,598.0
449b7917a2d2d2d12aa365d9407d6984,596.0
41eebc89717f75b31c989d57a3aad729,586.0
42e4de386b9ee80517bf0ddd570bb344,584.0
f2cde763736634d12453636b94e8fdd5,582.0
a67c1fe5aa244f93588b8fa85b080e61,579.0
5151e76aa6d7181fe73f165b98a5ee7b,575.0
a171ab025741996d97e257bbb74091f5,567.0
8ebdd375db66846e58828c2d82f3d40c,567.0
af6dbf51a2c9ebc95c612dc73f9426f4,566.0
f67b471f620451dc8cb1d9190a000ab4,561.0
bf877ead55f61fed25072265b80dc0b3,558.0
f2338884e9404aaef4954bc739a7e1e0,558.0
8576c90e204f0c8e95a25b3662b403b9,552.0
b1fe599a53eb43b58fcf921e009b9319,545.0
8cf249ef88951fb07c3dcb40543d6759,540.0
9def369697ba9f541fd49f04a72c0d9d,534.0
ad6d057e28070b1e25ca00033e91c820,534.0
56d8d5cfcfcbaa9f565b0f0dd7ca9690,534.0
9ab76b3798fdffcdf553566a90694ef2,534.0
816d61deb3c93fa6ab57a55f3047c694,532.0
395c5c5d5ed477ceb53798ffb7dda26e,531.0
4a9b37c6ae4c348cf9d7016ad14d709a,526.0
7404dd397fcf611743c2d7cf3c03e12f,524.0
3afce18763c4b841f960a19b78de72e3,523.0
4c1a0eb9570cb6729d0141394112262e,522.0
19de7fdd59df4963098b1172e8a513cb,522.0
76d9e452b0f6815c5d533d5ed774b38d,521.0
0da3de7a62207280049ddc2b6b8ba3b7,515.0
564738ac300d959032816a4c5892d344,513.0
b7210ea27e9481e1a4829b39d8c71c53,507.0
c7135cbbc5d36c15285c989803abe764,507.0
1264c5d1b975b2e73669bd72ba558274,505.0
03aeee77d1d7bdcffe3aef76fd013910,500.0
2394dfe4d42363c59b9a605b3d4e681f,499.0
a08fe4b558213cb42d85339098f4fa38,496.0
bc2b9abea619e6d82019cba2cb8093e7,495.0
84c8e717dd8d92e603aac41bc50e3d64,495.0
38273add1e3a4d9ba0f5dd26fe4751c7,489.0
32ae9c68f2c0d005092da2a9216fe76a,486.0
85dfbe7b7ebfd4b755870b40818a7a00,486.0
78307fbb2be062beb48559e8c55ff517,481.0
989781294756d7dec9404c5e4cc97ea0,481.0
dbb7793a532a3e6e7f6731aef7edeb02,475.0
4b6bf1ce76fd8e6385553fdb70183bd1,471.0
60748d2564adf6d5c3a62ffc25859375,469.0
1d5db7d85eb232745ff9f81be76f8bb1,466.0
4e39776380315601157b1227b793734f,466.0
9107268b3b03843833753580d56f4aaa,465.0
42239b71f9a04ef6f11f6900779ba380,459.0
63b91e710ec9444930b86875a903f1e9,452.0
999f45629a651468f9278202f8c7b9e0,451.0
a8b5807b521f711dc4d3c865f13c2d81,451.0
42161880ac25e53b3d4709498f23c91c,450.0
56053f91bec4480b0063287f2532c9fc,447.0
24663189b15508ae7288438b700027b2,446.0
e41956b54c16c47955588e3841f95dc6,445.0
9e865bc0763bfd79e40121259ba33036,445.0
35cd905d4afe87e0b1b6b91d6a8fc20a,444.0
86ffd9db603b260d0cfcd25833ff43b9,443.0
7f13191ec8368c3654849c81f3fc39a9,443.0
2cc1cab705757b1485cfc756f86cbd56,440.0
b0fbe0c3654e1a9f7ac5b08b6f7247b0,439.0
9b5986e87d2553daa10b66d8fd82f824,439.0
be16246a4cd1dea6f6736442c783fd46,439.0
b3e3e0464cd3cf0eb35d8c895aa51d22,435.0
ee417c52f8b8bf44490c70f072214a48,434.0
9281a646efb2884cd3a274880ecf1461,433.0
f66e4eaf64386043797961cb315efacf,432.0
f05e57f2465cec919efa8c63825c153f,431.0
6f68b5af15b00214a53ea4d310f94936,430.0
4110da393e4cf9b20165124a2ec3a70f,425.0
f7a53de17ba93eb32f9f18cd7898b2cc,425.0
6ff3991927720256dddef30e3815a975,422.0
27426aaa9ed66280d0f0d4092fb8a3e4,422.0
fb8e4c147813ebd13a72b2ce8da40c4b,420.0
c1da6e6db6a122140ea39c49de73d627,420.0
5e799cfe1430a70367e40b25a1e1b630,418.0
d0b47eafa66abb963058fd0fca4d8fe1,416.0
51a2bae0e5ee1b05e7848a104554cb67,416.0
62b6a39f1ccc36c909a0971c218590e2,415.0
23921859c73969a8d4e36b10c30e2206,413.0
848fd66ea42892040b32baa80161aa84,412.0
1700d477e807e2cce1ac20abbe06d373,411.0
767f310c256e891cd19c3536769f9638,411.0
e5c5f18d675f91304758ba3ebd1341b0,410.0
a91b0e6b4bdcbdd6512b4780f256ac3d,410.0
720e88e4db545f8ef16546ef640f5492,409.0
03c60f169ee44f1804e2016a82446db9,407.0
4796ab9fa0cf353147091a2fb0122327,406.0
918669f6bb3ee774f8d505cd7c37af81,406.0
583bf3704bef2bca9b30a84d5d7187ad,405.0
174f055ea1a457be98fd4c4bc8bfbfcc,403.0
245373552888995cf80033ab3c4bab6b,403.0
9b6f50d16e41c77d9307bb3fdbb0b355,402.0
8636ca747e84fb41e12f3de72a59fbe7,402.0
896c5b6eb6de50c9482c00f6c09828c3,400.0
76e67a89fa21c5ca6e016697f0fbd367,395.0
7b2e84c642422303c5c9b5593684476f,394.0
5620f68d60db80cfbd1fe95a5ac6d72b,393.0
1310d729b0cced801bf2259cd6117eae,393.0
5b8310fc1ecfb4e1c29be80f8353315a,390.0
dbb1b6cab9a7a1d60f4a0861d42fe9b4,389.0
1c1f977766b23b9904ee89948ab139d3,388.0
0e96464632f26ca388bef317e398ec5b,387.0
210d01c2162b66eaed69f159305818f6,387.0
e6d5122133973f88daf4ae17c3a35e4d,387.0
90a6b6538b9e009f4702a0e4ba32f895,387.0
8c7e5a2a7a90f2c039150aaf3db291c3,386.0
7ee6378eef523845167955bead77cd28,386.0
b8635c0dd56ab257e622180de52f53c0,386.0
ef9f32d1b1c0efe4c7df524c8fb2675a,384.0
b707139e4fd1a720b47e503857f73169,383.0
49a12a47f163ba8aa708fd475aed54a7,383.0
5dab48363ff96eccada5358ffe51bca2,381.0
26b98f32dd5de3dc253c82a4dec8cd6b,381.0
80e4ff76b2630930dba7a1dd3847d3a6,380.0
6aa0c2cedf0bbf7a9c7e4039d6b26dc0,380.0
da5e36d82d4cbdf2207f38c36c40b1db,378.0
deb885459c9693666504416efc461d66,377.0
ecbacdd896bb5c2a944a1d6b3566f455,377.0
b24bc1b9a22034682fa8d0aa5a367944,376.0
52d5c04d1ec44b3cec3edef3f77f7694,375.0
3cee35e3e6d5cd312002338f46f910c0,375.0
7640972dde81f142f1321a55b0b1ff85,375.0
56036e801120ef8e649673bc8271b936,372.0
1faf081912573e6c8cb3bd9e68285056,371.0
0a9f856ff4b1b0c2383cb32c2c944d0e,371.0
d7ce27744718ef7fe30da048bea5773c,368.0
0490eda264f0e2c7fa2e012d756ba1c9,368.0
981f75c7de143780f8ec6d4b04b83cb3,367.0
cdedaf8273e7b90f43d03c8eac518168,367.0
ac41815dadd67a6368086b5e07b8a644,362.0
f25cddb820b470954a5381f416c39008,361.0
0be4b6c7ff642dd6eafbb5f8f4fcecd1,360.0
b41d1bebe0ac8e64cecf172e6a797411,359.0
57c1872ae0ae63e471d0de24c07e6b33,359.0
37f4177a9aab4545393d34008579c7f8,358.0
5976c950d624b3efb7e053c65a8615c0,357.0
61f0f63b447112d9b731d88d0715a4c2,356.0
dc1437f28808b1be3c0c68d55c2fd673,353.0
a8667f6348638965579fceace2262491,351.0
8cec049d765ba08ee5571871cdd9c9e5,350.0
320932479da14d2d9605a2416240ed3e,348.0
a94cafe194807722394110ec0dee0d6f,345.0
ba92b93978af25c0e2a0876971b84a74,345.0
e99aa547fe50e415598e2f313d2fbf65,343.0
d70bd22aa479b91187e539248a0c99b7,341.0
a14a98933294523d303bd0c115f1b298,341.0
fdf2fbc31ebf5f0517f5c7f8703c5d07,339.0
694c79a1cc70a975ab5f603b6f5ea2b5,339.0
faae89ef7d6ebf35138d8d3b80668431,338.0
8d167c286de9457b076c68955a5bfb12,338.0
68afb13565dc28a8957653b05aec1521,337.0
bf5750e931d2949a8fae59b9db972d0e,336.0
8952ba0e83d659b0916bea864996853e,336.0
28eb50d8d3e596c70846f98d6361aff4,333.0
caa73763bee8f1015cf0b277d4fc1610,332.0
a8cc345f40c759748060a99c5fed1a37,331.0
3dcde886fa6571e56a2628ad2dbd30ec,329.0
7c46ced77cc3de2852eb04edc973a990,328.0
b590dbd72d37360006e86aa4d2ef61f8,327.0
e5b3d0f7c51d50db55da9afa6df2abd3,326.0
f5116fbce5a7132cee8bfbbcaa244ab9,325.0
5b1d81bf301a5da9ce16c45a90cdbd11,323.0
5eb13b08f5bfbc612bdf67c483223622,323.0
edee176b16ff5834bdf449729347064e,316.0
aed56bf40e41c3e6407c8d803d061cc9,315.0
179feb1e1ffee467ac2a04ca2f690a97,313.0
e761be9d56d319bf519dd61552f18bd6,313.0
eb85e4edc63011d99b7f6e98496814e9,312.0
da9db2991331823e19854d63a0cba3fe,312.0
be82bf02a69885ff827ad565ded74998,311.0
36de87f5b7f8ae8983140a8452ea3060,309.0
32d6bb4f61a6ea8dbee169a8817f1f6e,309.0
10a4795e0391932fbecda8c473d7a739,308.0
7b898c844d546805e0a7b4bb8d605308,307.0
62157319a3094944e9cafe306e7f7b6b,306.0
1605648808533f16e6accfe560eeaaad,302.0
b47ea61fa950039bc53d98ec4cbf381a,302.0
157c853a2742788b054af96caf2c6598,301.0
587accf9036b8d7bfbde5f4d70e04d00,299.0
f6ea9732a857be217b666f19fc94881e,297.0
cd7072404a5f8912eb0a5b73aa359a71,296.0
301adff3b22534c9898dfbe070d49453,295.0
1096ce6a840ea3dccc18d4c0be6cefdf,294.0
4a7fa1611788b58559a4b6f73730dff9,293.0
167c525a018be7b05b88500bc7dfa86a,292.0
009946c5f14f26ff8b254d918e448f32,292.0
c354afd18b4940a69cd50d6f2b5fd530,291.0
9c0096f754a229df32cfce9ac41e6a4f,291.0
0b580d90d84da364b1d824aa10d0f3a4,290.0
57387bed3a4b8cbb73414aac0bff00da,289.0
8e49b239c02898344f949099949f51a8,287.0
b6bc5e755b8e2c195954bcf7dd020dee,286.0
3726dd7e5b58c11f7c3177613cbc6ff7,285.0
0e8b6246070e7b2e5c3a562a46df0690,285.0
41b73e90643db81c8d709a601a64b3ec,283.0
89dbeb11fc737b19508d0e706cc90aca,282.0
8def5c9e0aea8f73d4e92f8e9b930fb2,281.0
0dcb3965ab96bd1633c5e9b0c18188e4,280.0
274e47c2eebc35bcc33e88e888493dfa,279.0
580e32e40c46622ce6faed3ac4b3b6f2,279.0
2c17558067dce263747fa07c2d741837,278.0
ca4d8a5608c8c81c5cb517a5d97e97ad,278.0
b9d0b276ce0e93580a0f54c7a0cd303c,276.0
7c6165d316f62f01ab3a3593442bb4fe,275.0
08837f260f94fddd01b20131e92ae92a,273.0
d7dced62c4ef23a034bb5c511178d689,272.0
69fce499a5e738a5ffedb8ba4538e993,270.0
7009c75a356a8b50ae1a717ca31a866f,269.0
86c8f4e2491429a330da7ff504ce1db1,268.0
bd273a17e761e9c14d40dcc9399b5d89,268.0
1f2c425a2f7863c9c38ebf0cbcb88406,268.0
1c2bc1b9bdae1d1fd7bb630b7119b5bc,267.0
a9aa41580de92d0417301ce2543615e0,266.0
3025066977697ef522db7adcf7544bfd,265.0
192777def73a2a17ba4145cad34c8e2e,265.0
c2621ea1885f11d651e6c9cd80eabf36,264.0
b2be0ec4cf0371ceac1880e89b24dc58,264.0
b981723a29501eede3a21fa6d0bb418b,264.0
78d097df9717fa2552cc5775aa135817,263.0
68b32e1a69fe723a8cd4270619b59280,263.0
6519d580bc999c9f4d3ce62c98c577e1,262.0
c26c7c51b7f82a826122a687e306501c,260.0
3d4dde7d91b0a378b052c354816f9557,260.0
f3fb3003902b2cd172122fdca18297d6,260.0
05a668aa8ed3594a81ad5893d9971847,257.0
957ce0f2991ca99ffe711e9fc7458d39,256.0
473d562b9fbeceb57607dc064d4372eb,255.0
e1d4c0253d582d254b39277aa9e8f6c6,255.0
dc95812b6020ae44f80bf1cb9c226be7,254.0
c57ade6c62f0c9321eea9bb7b36613d0,254.0
ccff74b6da61be87f2b2fa013e11a8dc,252.0
8cd682369de4d7e61e38b985d9fcc569,252.0
7e27f394b995ce9c5e214260b1eae2cd,252.0
8d52e85f1ddf8a95faf057d1b572436e,252.0
92cec27ccec8975aef39838489d146e7,250.0
1a7e8126e7e5286cb480f28db5dfd11f,249.0
c298aa94af660e8ee715997d2f71db87,248.0
1727da98648eb68aac74562bf7cab57e,248.0
711fa8d8caaf748755edbeb9122f03bf,248.0
6e3b2a15fc9b4c826fe5339921e789a1,246.0
35664cc6da4a435f58eef6e85d6f18d5,246.0
3af1a9dc4d3a7e1d017a9df7b256dbd5,244.0
11cd1da0a4b2973ba5d0b71d229022d7,244.0
65509ffbf0456156555ca5a2ad7ad1c3,243.0
7538b6290127231570e84942688091e6,242.0
879912d13d2d872992c2a3a8a3325e86,242.0
1e72aee4f0e859fc6a53a19c69905eb0,242.0
30e716adad5cb39f58b03673ac16a718,241.0
43ec43c2ded67ae0e6b8b69f93f328ac,241.0
fd639ef22c3747434c708f73b9c94f98,240.0
d97cb9388068cc8076864ce6dfd3d93a,240.0
b13a678b94ca4981aca20f3f93eaf607,240.0
986d3f0fafef67d0cb6cc96299867486,240.0
cda06347050847531e6f4777e1b5dc20,239.0
eb464f7b4aab3e799099d369a9ed1b83,238.0
ee790f13ef58cd8b39755711e74424d1,237.0
04101726b6a4a7b9eb44e54c94b91dec,236.0
81f65b49a57fb6025fb8516c597117fe,236.0
f20c11990446ba644a0a1c4f1269fe89,235.0
189fec41023ac9a19574ed04981c3e60,235.0
fb63deccb042399f33c16b96e0548b51,234.0
6840cd9180787da9851e2471e19a5fa6,232.0
a4ffdc663b5ae35a9f85bb90c3626f4e,231.0
35cb068ab8a263e0f963c62f6f4175a5,230.0
3a5f6ce821d92de07caf0debbc37349f,229.0
9a2250d58bc1dd760ab59441a192832b,229.0
23098c118b2d9bba1017f5702db0777f,229.0
a1b3cb670e57b731c7206e98c449e6c7,227.0
5a5362597ff4f14c7ff08632691b9efc,223.0
58049514bfb86b196bdc365f0dd187c3,222.0
d31fa8c7c21df56bbcb8f8c5eae42934,222.0
2ffbab28688f460d67d94cfd7857b34a,221.0
3467897444d350e9e8f2523c6dc3fba7,220.0
7a5e52afe6355dd9484d5167d99445fa,219.0
b0953ddf92e4451e1f3f9fd815536554,219.0
59544acf4eac5f81c8f6e801d6013bab,218.0
dce90694b6b496d514cb31b12c5495ce,217.0
3543d2bbc80418ef7c0c562f4bf7c671,216.0
1a053be1883a350b344dc96d74a6a606,215.0
f55d69857950d225826f7ff3e183a87d,213.0
821c1f52bd3ebe796374bbd68204ab17,213.0
8d024c67a2f82ea3977b4b4b916dc39e,213.0
d941dc61db7b579c178eab565d38e794,213.0
34f9c0d1e187b60dced95f73e5de5f08,212.0
81eeb30b2dc9cb97a018986a62173b76,211.0
fa1febbd85c7ae5514636f7dc222428b,210.0
2624f4d9baed8f8b51ec259b00099108,209.0
2c31fcef9cd75d62a22c1d8d6fe201cb,207.0
687edfcdb5496d26ac1af19fc2f5f6c8,205.0
88be6fc6334fa7f100083255ca738ec9,204.0
ed0f9b50a077fa805b17aa9b61ef551c,203.0
e3c27854b16fe46e4f5c1a784c0d3ef1,200.0
323e8b60df9eb477f0401dbb1a0be872,199.0
cf3ff6394cb4b5e20e2ecadced2c05a0,198.0
973cff55ba78c4f07e3a5f37dda8b4dc,196.0
d83997b21f57de3ffaccb62cdb5d42c1,196.0
b3c4931ace011f6ca3185b7d598e8dcb,196.0
0b003fb8f22c9627e3df1b274d8260ca,194.0
1a0b718fe0586bf12187259b9861aaee,193.0
2453aeae1b559727a8fff384c8440880,191.0
873b48c7c5e6f900570fb990f6cc3ba0,191.0
81f63957909ced2a07fa660c8a49d2d7,191.0
c358eaca195ef48c4f09b25a6948ff7a,191.0
72068672b0f58a2dbc393cd55ee7fcf0,190.0
9a6bc4107c30b0ec7f0d7e1c7cfe2471,189.0
74c7f570104735e491aaa76044149213,188.0
983ee0852703c342073d5378627840e0,188.0
c0b9329ea6b5bb2cbdb39c057afeb843,187.0
d1b2de5567223174ba31681b93bc701c,186.0
55d30daa5249eb36367884d40dc92bdc,186.0
f3f4caabacae6c4723c469b02cd3d0a9,186.0
a66307d9aae712d4a1cf9fd139d61aa8,185.0
2bb46733828584e81433c374a942f7db,185.0
4b952c6423c0c5f614d3ea458b26f32a,185.0
1a0fa8a58c47806029b1c2bbb452886c,183.0
12d0d6634367d2ec946752a6dd2009b7,183.0
bc116e64cfbc22e58abcdf6fb1c3c5d1,183.0
70bd82d47545eaa95e9516dfca9b65a2,183.0
c3295d21a98ea433f3e93788b9f6382d,182.0
fd27fe1dbc59cf626933693bb034b0c7,181.0
d0bda2b85dbf8f162f62a1cf40857e98,181.0
645fa16f7c4f902a7399e05f98670260,181.0
d3826c86ee9672f338454a0937d5e6d9,180.0
15eb6211255dfb90dc7eff6dbfc55005,179.0
b452f79742ff17917791d5fd808e4b2a,177.0
aab113f8655c11448ac334bdd1e0b7a2,176.0
05eed5c5c5fd3264012b8f2dc1cd6b9b,176.0
daea54fbd3b61925f77a3d1bc465cc6a,175.0
e5b35fd2fa512325924f9129ecf02f59,173.0
2d4417ae46c213bab7f8d8fa9bf800b2,172.0
f5e1603e9c1301c3c14f89fae3950161,172.0
c173075e505d5717c8e72ac9258b7fbc,172.0
2da1cb05da79b88de4899ea0d5a2ac7f,172.0
6078ff4c659dfbc9f1f626478ea9edb7,172.0
559eaf25525fe709896b605f3903ec6e,171.0
9c8d33c0c2b1fe5a176b003da4d70d28,170.0
e0626ee84803d5207bc930bf6f4280ed,170.0
bd493fe5f070536e46887710474ed7a0,169.0
890f3ecdfcc3d9d22caba530955c6e34,169.0
23432d0ca299851d23128caebda6d954,169.0
538c3b953d5592edd78ae3e56b00aa57,168.0
993e16db2cb421c7e6fe157ab442130a,168.0
bf804ecdf6b2a122455f947180064d6c,166.0
fbda402a0bbdf0ac11da40990e928b25,166.0
788f1879a47c1b4fdd51f45263034f8d,165.0
6a02977eb1284d600b2d3b2b41954c3e,163.0
5b50a957701167938e1587359c94768b,163.0
4e17b6c59dfc4441ba5806c41fda80c0,162.0
a6ffb5a832e1269b629a0c942b8058e5,161.0
1c2c1cac24f7769262ad674d9b8d47b4,160.0
6f4c396745068ba8257d3d2d40e0f43a,160.0
9f2fdf95eed14c81538f45ad2ae33481,159.0
c4e453e4df5f325f4b3edd6fbaecd863,159.0
865863f77eefc18110f8e9e4c82598a9,159.0
4876be155477e56a45ddf882b5f6a8a9,158.0
b72a0b67df82e87511fc2e3f53e71816,157.0
d43b4879b168c573f4d97303a270ea1a,157.0
0d97f1fcb59a32fa03266bd486d4cea8,157.0
216c1101b49009387ed4bbdd41ad75bb,156.0
948583ef345c60927eb1d00e4d831685,155.0
14cf4e67089f2d5cecc11534361ee5b5,154.0
d7f8dd63b3e7be3d1707279259f2f5ef,154.0
84dec1c94d4f18d2edd61ce70bc6d69e,154.0
bd3f40049853fa86e966d705efc2576c,154.0
389c1bf4447b002682f77880ad002db1,153.0
74cae3bb1febe312e14bc4804246e151,152.0
70affe01539272eb133ff60a0a127d5d,151.0
f4e644c0b0d1d36d29d8b064e85afc50,151.0
35ed8efb5f714d27d3274a8b14e4d4cc,150.0
8900d71d9fcc50d2c3ceadb49f924b46,150.0
99e91bef8a7696dfe3fbe33b58c47384,149.0
7eddbe3813598e4dac99f602df8df262,149.0
c6e3f32bbff46b7460095ed0477e48a5,149.0
55cb7f9120061121277b2528b1a91e5f,149.0
3396743a1875b287540c50a09b034de5,148.0
009e4c056fcefb485fa362bba877800c,148.0
9eb54cfc8e5843bb5bce9dde2474e48a,146.0
78a4982ccc48691c980f311681dfda3a,146.0
2efe245a28b6700a6e46f88829f73e8f,146.0
ddd3495c4d384c8d2b086b68826fc96d,146.0
2c2e6ab65aa327066680912ae0b8d33c,146.0
a9eb3fd2ea1d011115a2cd12775b967b,145.0
470d286919d04eba076e5396659ac5b6,145.0
69418b5a32e43011a395acce0aecc5cc,145.0
5fd6f28b273f9e1d3ddffbc46cf3bee7,145.0
47a31a9defbe608642487224af13bf69,144.0
a501b035df8315c0c214f65f191615e0,143.0
ee123a26bd981123147cd39aba95b22a,143.0
1f7e3bf2cf5906ea3ea6452427a9513e,143.0
55e262a8a882574c50acbce29f7da25c,143.0
6cb2d655962c40309ccaf359eda3c21e,142.0
c95097e5c366c22e7c06c19c3fb531be,141.0
097bd2f0284c8a065182e24818fd6f74,141.0
01dad0447bfcc10aea08c64f5e750aca,141.0
bd498f18a89dbf72f705d5146359bc31,141.0
ec35fa07fc1901ba49f12a610e97fd85,140.0
4dd538906f18ad1c3478707425a35c86,140.0
48801062ab612f237e1ebb849ede351c,140.0
b0424c982a49aae3c7f41f01b04ea196,139.0
9e05f9a54b91dbdd585263ffde518699,139.0
726f89cab4e52196e142dd1e4c8055ee,139.0
8000d14c3d35394072e4ef1c52432447,139.0
095aeec80548ed6b5a0a43f087463527,139.0
e8192ad141b142cb2d27af4d9ce87d2c,139.0
9b26f495a8c7665c7bcaba8a696e1dc0,137.0
b0978aeff90465b04276bd7248ddc4e3,137.0
1ddb3f114d7689e8583dbae40b257e32,137.0
f1937172b08aee519675b8a096a9ce81,137.0
727b26b3012b7821a3b7762933775cd6,137.0
3fab5cd21d57154e7ecf2e8707beeab7,137.0
4589a7f7139d18b7256bd9cfc58aa49f,137.0
e197502939b3ba8ccb48eb8ffee407ab,137.0
05c74169ac2fd76676c133268a7ab356,137.0
5aa5cb085e04a30781ffc192e7705596,136.0
21059ecc434f7e7207a6c9c37b6aa52a,136.0
aab746e2883ef589c7bd1694b4ff1301,136.0
acd216e37036ae01dfea0f1311bce395,135.0
d886b19b0752fab4579df8859cbaff66,135.0
b2c21b77e83d775624ad770757bbcaa9,135.0
e8e2fb48f669f929872cefb09e3d4196,135.0
6d9c4c72917a2cb66298856a007d1d09,134.0
2e0e6869151f30d4bf31ac07016b2d09,134.0
cf2ef1a97610a2d6b45b48cd7a1b5c21,134.0
544167908c5d38ec44e5e2f0d81393a9,133.0
2375bad296db7833f1d4e8795e52dc13,131.0
e6d6e272928274d2c1bd89e30c4f9f65,131.0
02a6bfa6cc487ca2a532ba79d21d9dba,131.0
3b313d4b4e8e19bfa025b010ed8432bf,130.0
abbee53962c166d0d238ea534e11486e,130.0
5f84e0f01f561dc4f16c0c947b13ff15,130.0
e75ba110d181a3b4b244628ffe5c78da,130.0
5125def87a9890c6d35e046437a30387,129.0
0e4029a4e98cca34bafcefc42d2b3c19,128.0
05a2dcad63055c72be91954c34ae6163,127.0
543358a5da526acede756878bdae54ed,127.0
bc9c7deeb72e69a9ff07a0effe77d56a,127.0
068ef724b4d8a3e6b93518ab6ab0eea1,127.0
24130b5f3ab296cd58295f57064904e0,125.0
f8b3c6b967c2e99d21dea218e1e82d61,125.0
dbd14e6be9b104386b54dfa2590bb244,124.0
ca7dab3f94196ba0d0cba44b69df691d,123.0
0e0bea305095a6a88b74ac00b95b157e,122.0
a3e43bf673738d9609d81fef709d9e14,122.0
93d5fcd516bc0efb71a84322a72c579c,122.0
6ce9c0be54e2335081cb8fb2112a1da1,122.0
c24379cff49ec4f78d339a56f0fde5ec,122.0
1fe8d8c4d6480f14cd5c2fb1ec354f90,121.0
bbbc2b06845e462e6fb7b51ebbe1ca03,121.0
eca75210a6201a0ea28802d31ef7b4ee,121.0
d78f4a3e78408cccc65419bbde1459b8,121.0
bc5cb613cf15a6c71229d1b5a5198ab4,120.0
0b531633e5bed71cad3fb0199680d185,120.0
3324e95f4d559c148f9c7aa2cf22ed26,120.0
7f582243777a4b36e4475d9020bc1b36,119.0
571f343dc43a04a6b0e1e2c2fdfc54cb,118.0
e9a08c02867d5e782a6ea8d48ce6a900,117.0
abec4f00dd6f16d67e5fc31dae8e7aba,117.0
1a871260d532f2641aec7cb0a6b63d48,116.0
c294d13a82fbb1e3e7a78a5dacb87711,116.0
90f549b029cc25fe9c96f265f5636c30,116.0
bda5c400b4090de4f260b03af3b03f7d,116.0
36c217ad3cf2011380777d5cecaba97b,116.0
8f043d494ac953707e8c032c9dc880da,116.0
15ed3978d3b46aacfdc041ff67406891,116.0
2f2023d5d4577ee9b6eb21df8576bf58,115.0
39e2e1899a6f2309f28f01b8f5c5dfd4,115.0
fb0181fd322b307acb7a66619d280fe8,115.0
2fc897f2fe67970acfc9bcdebe0681b6,114.0
a922442e4608fbf9417785252853bb95,114.0
f36ac6273272591b05bf7deaf2c0f8f6,114.0
a02ee7a2882a5583e1247c7495aff5f2,113.0
6352c887a234a6993d2d7dc2a2221f71,113.0
56aa2a6cebb76be8f6177823579a499e,112.0
a811a00be64851e54c8b4ea386d3d3f2,112.0
4713308d875a48e930de8f566c4d7fbe,112.0
2943adb393b3a5055baf8bd96a6a2ff7,112.0
8994c1b7ba285fda5f1de33d81db26ae,112.0
42878b7f50bc9eafa628e5048a5319c2,111.0
b86fa0f1e1a2312c6387b43a663c98c1,111.0
fdf00d39ed88146ca63aff35b322c06b,111.0
c156c2acad0e7ff1293e174e927a41fc,111.0
ee5ad05f21e18cc15b8325832125ecff,111.0
1e65602151d58b7e6d0de2f43c6f5295,111.0
d9a035446f81247303a6720cce5b13d5,110.0
c7d20b88b24c64b4f998d43d236e8a8c,110.0
ec04db9ca64085904629d16640f025ed,109.0
52f6896fa0c981274801cfcf9cd32a86,109.0
9c06f525180127fe3b982f9d7159ac8b,109.0
0adc3ab2d495c6656268fa5af7d21e76,109.0
fcf7cca54c01d940d572db6477151088,109.0
cd4e2b48f75a84f937308c4d4a18f49a,109.0
38cb98bd351689b07bd5dcc057bea777,109.0
fcbed70406a7b092ea6df1053e68fc84,109.0
6e118c92d7eb3ac783bd3e6d947fd2e9,108.0
ac52874731b9f10255015ba06efa8c65,108.0
299fd4c82d9206aaf8672cc112de3c9a,108.0
1c8cabb6339b6811550f126db21a2583,107.0
4fcf1e4bbfa02852722ff9b1ac1263f9,107.0
f4fe1cac0937a283568bcc05222431c2,107.0
84fad4000bd6ab42257e663559b1b7d7,107.0
a20ece13afd5d9dcb496aaa619108dee,107.0
e0f79f3d1e2ee6c019263f85764bf0b0,107.0
bf868187553dc3636710bd6e5428663d,107.0
0463f873f171046934227956f1cf16d9,106.0
756efe168a5c6edf58b8146ad6664f65,106.0
0dc3da56c3482035e3d7e96d08598add,106.0
a1932d7ebccd6934ee5741826ac2c52c,106.0
671e02e4bce1421dd7ec58c801b1076d,106.0
547dda9e05aeca7df24ca0ae51e3f21d,105.0
64aee555fcbc2f5a8aa6007213080879,105.0
71e57cc445d419184646d6572b731518,105.0
74d1c6f2fa14585eb551d9cd8dcf0044,105.0
828799d00f83ab61fec8e4bb92433911,105.0
aca985f4cd85d801b242d02a9be3659c,104.0
6c54e675f54bdaa9e4f03a6e41b75541,104.0
990abf72e21d530c7341f0b2d2e2841b,103.0
b091f5bc8bdd3de66d02a17492efb59d,103.0
2116b5958111437bfabfdf43b4c805f8,102.0
625b018bcae4320b6b23c05e9f2c7a1d,102.0
361d47c7df3beecc500759d3da1ab823,102.0
375e657e21b4bc6aa98a282500152cc9,102.0
fbd635170ff82622c7ba5f1aaa28be3e,101.0
598fb966e9e0f932861171dfd46c0264,100.0
01993755840d0d5a9e57bae5bea51f8e,100.0
d891b3738620c2af5a593cb1060b879f,100.0
8cd36394c7411ee0a8d43546f35b178a,99.0
31e6f760da41c0b94456973b4e41f07d,99.0
e9ff2d1e084d0d12a5cfb92c03d6ac99,99.0
1c4626dd80e20feb58888576c3d9d166,99.0
552fb25f282857d3db7b7624f17b3ac3,99.0
ab2ddbc09025e4581a1db89c280969c5,99.0
371a0c1e5fe03e0613a3f40bfc70a5af,99.0
771adad69d814c5317f7746880bfab54,99.0
a65e5063dd505d94cd16653d107308c0,98.0
06c3a6c3b88017b9fd0be783349a6894,98.0
18f07451ba3241badb3dfa58b796a642,98.0
79adecb6f685c4a2f89f4fbc7006b735,98.0
d633c3f0ae5de0a5fcc8317acc7b7cc2,97.0
1e3751afec19d1854486bfc7c6d3a4ab,97.0
5acaff0c3330649ce9a8a6be430243ec,96.0
82f0ad9d82208314762861256a1a718e,96.0
98f9daa4e641296900dc7ada2fbd4854,96.0
6bd1281f429528dc6f5fad7dafc63746,96.0
99d3ea7b41ad9b721953f369b62eb3d6,95.0
9485e7ac566335f7122d32358dee023f,95.0
31a9470dbf71c84d74e086d3d600b304,95.0
2cd0b4a50b8f1a54b35b9e0a0a10aede,95.0
ef130b4a029a9f81759f65ff38952d5a,95.0
37c55f26b1f928b6460e68b9505a0a88,95.0
4a00f7f1218132a7ec05b22831dfd1e5,95.0
1cd45e1e093b797b4464e1eb00e853f7,94.0
408c0cde07df0a27b4392cc2f59ae1be,94.0
3faad83226343cb6b61fcbabea817094,94.0
0c6f3c25e69d0c0f60ab947b8f91dfd7,94.0
05307ab84b5cab82f186242a29bd550e,94.0
5c5b2198a5acb98b1827dbd0ea44054e,93.0
25e1362914bc7da41544d934c4af9481,93.0
541fdd192fb01b7dec5703bc68decf18,93.0
0d5a23be532a32fbac768d394846781e,92.0
f83cf2a579f0b2b1238214c624075247,92.0
cc98463656c1d2e94f6dfc0dd4c59d48,92.0
ecae3c03a11ea3ead7f11933c2c3699a,92.0
c85f2d72bd67f45fd61fd901608aa076,92.0
994b96c4f80bcdea96b09a52ead33eb4,91.0
93e63a1d15592ed8ce6ff308c98d5754,91.0
0d0c3054802a28b3be89f7ba951ff52e,91.0
4c7c9956391072e595ca1bbcf34ab722,91.0
fc1485591a2f827ca752e5b84c4f785a,91.0
7db561b96903652d0df60a404a82d3f7,91.0
c58bec335de5b1a75de39c3188df9044,91.0
f8ed6c0720c04f42c5c917e3978e9ed4,90.0
fd4e2bb8ed1b49f80fef9e600bc8bac7,90.0
46afd0cfcec0d4f234c1b067118acd29,90.0
584992417e11ba03ae060ff7b128e761,90.0
b5c590e9822c66413d2ebb9302bbf340,90.0
8081ef3f5a668d3505e4bb0e279a1b52,89.0
80c3a7994f2ba4f79ddf41436328514f,89.0
6282c202b692dc6ed2dabd910e4999cb,89.0
d786236d97d81436a6f09bd29a38665c,89.0
ef2e15ca0444d84d45c207fad883539f,89.0
af97191eac120287a28e18c7368fb5b4,89.0
8ad48417d04a0a567ddb03417b24b7bc,89.0
a1e8402069b03fc177945f83f27d2c15,88.0
ecc725c2abf0ae09d404580ac33dbd5e,88.0
422b0f99d57c5f2b7548ce98f79ffa42,88.0
b2d5f50d746093b6626caf9910f0d312,88.0
3ee7e5b6f25fdb785e3624d3647d6f27,87.0
e84f252ad74131ee1015951b2f5b687e,87.0
5f9ee3787fd2a0ad75dcfce97e91ca49,87.0
202821ab64d8cfab40f29d8206b99e1b,87.0
f5f6e1f909a1946e50525b097770d4fa,87.0
7e451f11a0e83c5533ecfe74e1fecfd3,87.0
3d35ea64f966b15ec2a5798ac6043fa0,87.0
aca2ee9f42d41fe6f85990678b8ee5f2,86.0
dcd7db26373d9d562758ef7f53451ed2,85.0
c50a2d6986f8d6506e3a8810318deb7e,85.0
38d4a86824baad0bc6f6ca263d21eb2e,84.0
bff441f0d7619e39c0a97c72d68ff081,84.0
20335c546e5da9fb0274abf80eb10437,84.0
cf2ba5e3e52d40e61804140560eb3a8c,84.0
ea50f3254722ba262e9ee2ade421de58,84.0
bce9f2fd4eb6ebd673632c578c31e982,83.0
88adfbdec550088d67fe0ab67f9b34ad,83.0
baa8933c9d749d4cc9a484e3521b469f,83.0
643fd8e34988a937b9c55a18ebe0ec45,82.0
40685e398077000a222b9b932a68c4ba,82.0
73ed2f8a8dbe4a990ce0eb423484b7ba,82.0
23fd747aa86656baf0c6150645d9f80b,82.0
0f9c61e42356d382756b5d191b6978d0,82.0
3bac531ba9c3a9ede206240e1ab51672,82.0
7367ff7d6018f038a932b7413fceaf4d,82.0
bce0bee8c4bf110b4cf351376f3808ff,82.0
bc941fa3e1c7cd70d2d7c904fe027eed,82.0
53925c34918879f4aa95bf5795e1f05e,81.0
9562f16eddf06a05dbe45491c018d2b7,81.0
e0cd51994473a42605f090698602e646,81.0
931c67dd5261c3585c25137532f9cb07,81.0
616c6ce08470042d97fee445ccb64789,80.0
895a271467732a0f59df35eb5227aa7b,79.0
abfb72a8c1a70434aac202cd46036e22,79.0
a1c709c5ba5609c1250e4fe601f412c1,79.0
6c3b15017fa8eb9d5dec0eeaff1292c0,79.0
9dd6e847337105061d7c09a62ec20320,78.0
a182527c1cbd9ac3cf9bd4fb0df20337,78.0
1f5e579ad80475c6da1337db45bee549,78.0
c50c8a5eb1bdf040cb5c7d888dc470fc,78.0
83c7cd8029c4ee0a56a57f65ebbee8cb,78.0
08260363bf07339e19fd913c6e242680,78.0
5ef04b2d8ec9aa025c043525b7bc6d15,78.0
a403448eb92425652415aaf043eb81e2,78.0
7bb1b1fbb3305215848d86c0e6bdaeb1,77.0
b36f3f308b90afa3f0635f122502f6b0,77.0
afcd03091963b47356e4e453013f8e9c,77.0
893a9c1b975b4d57e8c380fe15831938,77.0
05699056df0e9b086a7e580cc6269a1b,77.0
4a2a62dfafed2fcfdb33018a0415517c,76.0
1d9397ad5416c9c338a204fd69a1ea4e,76.0
d6a4bcf9c18edd18def564ef15559de6,76.0
ac93abe7b2f3554f725a0c30e668b4a6,76.0
3fd44b1166affc47fbc93dcf411f03ef,76.0
9c72d3f40109669dc5e1d36e6ab1f940,76.0
3ac1aaea55e057d4a27f7cd1fd4600d8,75.0
b3cc10dc00395390de99b1a2a708f5cb,75.0
5a66962eedfed26365f45988a2b046de,75.0
11d7aff026ac55100af8720f57bb01ae,74.0
96c09305e0f4e1d991547dd6594fe388,74.0
a00215ccfb700763152d3abd1624bd5e,74.0
77d046a32991d8fb12da8b3910abbf00,74.0
92b922fb2ec143516b731c96770b2bc5,73.0
134412318c3a5c18f1e9196cb154f767,73.0
a3d95648186b611aa7854ba3d81a14c3,73.0
65bb72e9b859608d11af4c75715115d8,73.0
ea0c1477a4314be6b3e1c15c2d54a0fd,73.0
4560c3b7ff75d806d55fdee6a025072d,73.0
74f8931a896100c4e9527de0c4d430c3,73.0
a9246df25bcc628aeadd726dbd659e88,73.0
83826ac88b27532ca766187115e08770,72.0
19e1924eb8d2aee3e6e30b252d211b4f,72.0
862a20c0a73d5d93bb8f57ced8cda1ae,72.0
3e68a3311d19661c2bf5aa6692b801a8,72.0
1ff5862414a7d82fa886ea26d1dff28a,72.0
540b8a5fcd20cce5ab338e44ebd8fbd3,72.0
0dfbea05f28949ebc8601e8ef39f57f1,72.0
97c6193dd7dee2bb12245cd1ffd7333f,71.0
19d9bd9f87426658adb79fca153059e5,71.0
692c8f4fe4806f9fed6c76c36714b8d9,71.0
5a6503e6075c58ba1dd8d301cd9a2cfe,70.0
95b322b88a3d0fe69fd894e723f8a42b,70.0
9a837be9aedf52ba6fea897da900c0c6,70.0
17503f461ce1289a0db1efb1253ab587,69.0
a6f72c9e527cda9865f4499813130e23,69.0
3dc38b8661964538b77d59e5c82b1fdc,69.0
9291e15a6b555de10ec43958de73ba38,69.0
b4897b143f8d659ed83933025894dce2,69.0
eff907184052a8b2576bf72d55689c2e,69.0
7bd4e596181e57ab8376a7facd9b0d4d,69.0
038e3790b1be42825ea644145fa4ffe2,69.0
fab165182d6a758ef496ec8228da4e1d,69.0
ab501562013c4648d4a1be8938a7007c,68.0
4859848161850a376b93a20b6d424228,68.0
b19176e6ec4a58e5adec9a094e88cf4c,68.0
3902f18cf957c59b9f108c7b246fa87f,68.0
f5ec5d725f47a1cafcd476952fbf89cf,67.0
42af20effac2bf72b7a32a31676bf645,67.0
5f0687613c907c283086132c27f18eab,67.0
ba8a9d12ddb64d437c713da3d33a86a0,67.0
4fddd999591241f2c41fafc1b8fe8dab,67.0
2c30bd9660d4f41832fc20780772dd48,67.0
c53db9ba56b2946e7e5c109aab90cc6c,67.0
4364c09dfad60d3c71da3a271075f4c8,67.0
283ab480ca0f7b9590e6fceac84a4945,66.0
e576e9a4d5a0063c01c841f25c20eeed,66.0
7ed5719514d74f9a48b33708bc954f15,66.0
5d135a7e52a5774e4e241949c372ae74,66.0
1341309151b72e048e9237675759886d,66.0
1945abeff9d7a062ffc836e8f20b79e6,66.0
225137be06ef6eec5e2516353a236c4f,66.0
fdfacfd09e5876a6639afb5a3bdbc1c2,65.0
acfa626d0409c9174ec55a05ead0955a,65.0
25823d07f67e943886fd75e08800abf4,65.0
32239bc287d0875e06a4957915c63282,65.0
8e1ce361feda98c34868b6095fc81393,65.0
e8ffdbc5d6661fa2cb4244aca2d43338,65.0
0328c3711890af9e3bb2193819be3a9d,65.0
175264c6b24fa98655a34f3915e077ba,64.0
f68f40a242dd8ca6222d2068ebc4e17d,64.0
a2213cb3f4df5b6669f79740fdb89621,64.0
a7b3afde1214a3f69f47e6cb467c3583,64.0
168aa50b9005688ec8388925dbd16b27,64.0
b43f740eb74ea9d5038fed5955a9611e,63.0
d03bcc6d3617575b0bbedc2c56f1e278,63.0
505fa5ec3aa1754f8acf2ec210bb6388,63.0
c7eee5b01620275e8139dc94eba396ce,63.0
8dc8306c8d424a8937362b897c704c7d,63.0
82e96e252de8bde71c8b27b5b354faf6,63.0
6f57f747194a634fc49b038dd1cf0203,63.0
93ffc3c8f24327f836e1ad1a2fc8199a,63.0
cfc5425bc693b24256a244255653e06b,63.0
4dd8eb571aea671d09c564c0cedb43af,63.0
c038f01c67c49ef4945b3b544b8dbe58,62.0
8cd9201b59ae2e602fdb4ee065b1b9ce,62.0
8afb4af5d0dc00234fd45bb5b2e8376e,62.0
3e4209fc0336b2aadf8ba33af33b8225,62.0
085db2c325ff15bdcc5db0e771aa1f52,61.0
b3e3fde1da32763cc8b99d4293029171,61.0
21108bd5ccaa30e6126b9e13c910aec0,61.0
cc19ab979ce01f3d698aaf068240c7c0,61.0
d078d228d37f6e5866201a123009e31c,61.0
4a02ca820d5871542c3ec924e67e801e,61.0
17cbd26b866b2f247516b5005a3f0f72,61.0
f99cd26e7d747d27b512b11a76c35e8a,61.0
31cb025e14661f36ad2a70ede72d4d7c,61.0
053ea6063d658bf0487bc28085dcf6d7,61.0
709952085540ae915fad7bf8d59ec397,61.0
04345b9662169d79352ef6073aba858e,60.0
cc1a8a7bae3be2a54441d8a8e0e96645,60.0
91242677e8eb133fda8a4cef893708d8,60.0
d43f68bf9fc4aad9aad69c2d8c299711,60.0
32f337c695a6cb10518076f73bac0f4d,60.0
62e7f1de853dbef477223836aef3b048,60.0
0a2a1735d66a1918597c6e046d251f11,60.0
1ddabc1158c4b57a74cbef053083e0d2,60.0
0394fc13a1d7b59485c710a85fa69691,60.0
baacfd1a504b47da82931af3bf658e8a,60.0
f2c2797ce1d21e35fd75ba4917c78828,59.0
0f87aa81a32a02df4f7838b331aeb56e,58.0
341dc57b428fe925875a0d90abe4aadf,57.0
47e79f6f60b0d5cade6ca4d6c03d0ef8,57.0
b99c0c3f50bb94539ad891a20c3b5c59,57.0
a055a79e5745e2dc22e18487220eba4a,57.0
c463861e00c91844f1868bca8c51c878,56.0
06a3457c261ce305b5de043eefec8bb9,56.0
73124e3c5faba1b6218b8e0a4f91c59d,56.0
77695431cc0b687855495053a7f91fd4,56.0
61fce4b4e216e9f475d9500f4c9b3363,56.0
3d58cb4c99fea7fd1d3070ed12afd59f,55.0
fa4d49a54315fff077bdd06dafbf5fbe,55.0
c8912ddbc57a30af4698f613dfbb092d,55.0
22ce83b9c6f3bd80888f3b45daf7200f,55.0
2c0082462f0a152d834d377977a2871e,55.0
5e76760dfb06f04407b7ef3f41c43caf,54.0
14374f56afa3719e419f45771ef2bd6f,54.0
9d54748e479e6521cb914f6c1ee40862,54.0
0977f1d68143115a7996e91b4976eb8f,54.0
97c031b23c6992bdc2d5f712b0ddd74d,54.0
fe5dbf258a3ac852bc2dc46dab67151b,54.0
04878e902e6d67fbfc79c7c54ddc4406,54.0
d17f9cc0620a6cabfc55541b8eb00d27,54.0
e793f7bf2c375c4d68428cb11c1db06b,54.0
a61d7dd6321278c804e1c8c99419847d,54.0
320d3df4f475c060c70878e7db653e24,53.0
cc11eb621bacb7d91ac3b46d345bce1c,53.0
73d0ac0c963c63033b090ba0de21687e,53.0
b817a0ce85c37b5c241937eedf408030,53.0
17401b666e2977e6193224b6c184ee09,53.0
bde0b963c6df276b5b1f477e9ef920d3,53.0
1cfdf6b1637fa1b26316541eab79d165,53.0
a20e9d09aa124575d3e32750c93890a9,53.0
e6492589443666d626eee40207bc8659,53.0
90146276c3385a3d1218697f9af846a1,53.0
1c8798ec8c5d42760a1df13eda1a8a58,52.0
e0029b6e0e1cf626bec6894756d7685f,52.0
ce1f82e34b5524104c7ce3b8593d652d,52.0
75fa206a1247e1d272a5b18432667658,52.0
269140b242539dc5838d9a321ed676da,52.0
a433f03d82893a180e46f2a1b73a3b65,52.0
4f16ad12e97b3b47a1c219e3bdc97c0c,52.0
c0091923268ec05231fe7205df08d1ab,52.0
d69b293974444f99bd757f3430cb7dfd,51.0
61c75d81f928330d2312b76bccd23401,51.0
bd7372f395acd78d75ebb4b80bb911a0,51.0
559e73d31591b8998861942f376dc6b5,51.0
358d2846083b492d03967874c813de13,50.0
b153963eb13e3e0593c4dfd7b411b4f3,50.0
0b0e6b69c931c6a7c9e05711e59b3a7c,50.0
3027e23dfb3bdbd1096f13661328fe9e,50.0
ad32d921be09f681c3ae6d3134c9dfe0,50.0
33a9c9374596ab735dc827a8761a63b1,50.0
cb1d5d8958ccaed1e453e986b64b7765,50.0
3051325b8196097fe6bb5138beccfdfc,49.0
de878ea2bfe2a9a63ff1022e251d4a4f,49.0
13170bd89da4a930fbd42c0d7973704e,49.0
f9365557b514be22b959beb797056996,49.0
e00dbdd679daa45b88e981a385b24f1f,49.0
6bce3d38aeb0c7487e181ef1f7348199,49.0
8cf81121bf3e06176f7f90574fd50698,49.0
7301070fe3ffe00b1698fe92b9ff9dc3,49.0
243a460adb4e901e1ac7052b20683ee9,48.0
56e3b644c716ba2036411fd47575c81d,48.0
d6c917b340d312cd8a0c91db33826860,48.0
0ba780ec18ce655880219bfc868979ca,48.0
55aa6c04925d166f86e211df354a4788,48.0
383f9ae2e5b8532ba3fc37dbc90fdb30,48.0
277fa4fdebac221f2ab05136c284adc8,48.0
e9b8da4cca83ce4779257acd20e12b79,48.0
184e09bafed199459ebe40fa7925ab4c,48.0
9336bdc6b80e1d0fca0840bc27f612d5,47.0
b8770f042e65d02b5a3047fc7597d0b3,47.0
b0ab069dc95a1a167f2d0faee21186cd,47.0
d6297753dc122d088f1224598d61a390,47.0
469110e06fca03308626a290c8bd18e7,47.0
2fc44832d0b38393376a0251e2ef22d7,47.0
5cd92067268e63f95e3579dc351d2cb6,47.0
cbe26f57d0ab109ca7ed3295f63a39b2,47.0
7d559d8daf9b8879d392b6aa46f1470f,47.0
b768cf95ac13d8af46b682a2845404a0,47.0
abe37efc1e07758213275cd137f1383c,46.0
57617cb21756872a26adb2199620ad19,46.0
164f7781519a13a942f8d4b1c3683cf9,46.0
d27d8dcd4821e9c3ff08d5ffb83cfb08,46.0
80b585e7298975cd5e62728cd646909c,46.0
b7d75421ede12e549395e50fbe8febd9,46.0
fa699ee08495f7df60a360a3f76dae5b,46.0
72a98efed25f4ffce481e8e2f9e4d21c,46.0
43ad4fc4ef8993640937c752ee54ae21,46.0
4b638ce12e063fdeeef4b5f49f0de48d,46.0
cfef12b7217be3a3be98f97a2f1f6111,46.0
09d8ca19c9d5f55dde870b533e6891ae,46.0
58f2492b25391e9d47499d232edf7f4c,46.0
9907099b2d8ad25a6b3a7ab3b7ac9634,45.0
153c0efcc774fefe37ac859fd27d769e,45.0
0d623d9555fc603ecba3ddfa4c288ec8,45.0
5cce3b93f282053799e3d47d9651a51c,45.0
693d552270c3b8e62a3610891ba475f0,45.0
b22c34dca00e4e576a2c254d1b57321e,45.0
409162c41d4e5ec4a51ec5ebbb642414,45.0
252f8b1a82b3cb9e1e5f6cb49c845d12,44.0
b239776e9a43b8a7e4be702d92b79cda,44.0
3c6b5aa9c0e553793866a2dfd3512bc3,44.0
5094f49f34a2a2cb7a9460d9a6cab61e,44.0
032dcc894a445e773203c48fb1cff3e5,44.0
aa4c7f8153ae8e5ee7d83f22f3dd0524,44.0
3088c6afdb7ae0fa8562d7f6147d0599,44.0
63be63a084dfc0324159649c6166dfa7,44.0
50a0e2693a3f9ec91ca04483b98d8f49,44.0
d76e7cef8ad17b29b21a280190739da5,44.0
92f740152483e1063f4c4cd29429c842,44.0
fb906fd1f8e8c8a1175211286ff93a18,44.0
92154ad4566fe21a9229648f5fba4380,43.0
1519ecf7ed2e6d057db2b5b5f3c64b9d,43.0
2e98d334cc26689087563e31673ade0e,43.0
f922730ec84eda89eee41406aa02c625,43.0
c0eda034e9bcef160d4de7cfe4a28835,43.0
9f0451012d773cfb61e27799ece2d2bf,43.0
ec044a72b6d17e7b26a0bbc74757c4f3,43.0
83e9945e2ed0a5a71ff1dfeef4a4ea1c,43.0
c95671d21cf9bbfc28751e61b3c23a2b,43.0
5a8ffeaacfb57fb86b2cb20b63b360a4,43.0
48d90a91fba9646c7d19382d147d6ab8,43.0
fca1c57cdeccadff91737463eea0f296,43.0
721886d2d75c62a75ecf4d7465f30cc4,42.0
187d5dfb95c8698bac0e61e070dadd0e,42.0
25f315585ecb0e56c92581b98b2ab79e,42.0
6291e5070502b896f673ee377a4249da,42.0
378a2e200338bcca5a167aa0a6a4cbaa,42.0
a6a4b66cc9bce508a4572cc85edc7a0e,42.0
ae0e5e9668aa6ccec35f425c0215883c,42.0
44ebddfdeae65ab7c76dee7f7199c4b3,42.0
b27ee00d4119e5d5322e7e6b03836b25,42.0
53feab9ef529d09cf5ebf8bda4ef4787,42.0
74a6fc67d8d9e5a7e6141f5b019abcda,42.0
1655cb4955a579bc0c1df0117a4729d2,42.0
2d540102fed72072c1b794dc16b19811,42.0
5a9b28357c76adfb449a901f0ef432ba,42.0
2a6f8c91e72c8c671820b1708b9eaa0b,41.0
63eb61c33b6d511391ea559b0487ca3c,41.0
5e9d0372c01c40c35fca18b37c5c029e,41.0
375cd17b25a0a8945830fb44118ea65a,41.0
b88b775d52ce7a3582f31b81dd528ce1,41.0
aa66ce6c6d25b7eeb7325cd6a603c89a,41.0
28cc41eab7c894540b942fd5d9e837df,41.0
8cb08cc44fe1ce6ad0e94d885fc6b94c,41.0
bbec987748e172e2be127d0a02c25fc5,41.0
7b3a47035c46312465f712b7d5565eba,41.0
4644cb1b91aa493e037559539796e257,41.0
88a9e5958b0aecdff20cbc8613783c93,41.0
5f5e8aac98bb7e2f8b63ec99a144814f,41.0
89944d55b35acb449fcacd6e307786eb,40.0
965c6b0042385e68d3cce5f46cca00bf,40.0
fc47784c71162728130e638799ec3c11,40.0
20a72eee00623877dabbaae408b1177d,40.0
2e1831302de7d564ac426e34a962b5ae,40.0
253da17c801e688e29e6dd6236eb266d,40.0
2caa5be36f96ea197fc2acfdbcd20cd6,40.0
773b6737a6845b58e93b7436f661a846,40.0
5839b45d6060dfb9e940cc186db84f06,40.0
140f0808ef767d7b81dc10636ef40833,40.0
ffa85e7542419ded5561bdc03e9d6716,40.0
127a276d6a7365f7abbd2609a2e0679f,39.0
dc2a6797c0a5a6ef3a08619b06b0dd8f,39.0
6f5f9760145edc9d38d6cf7f57da8f02,39.0
d8fdefc1fe30e1a8204b88d7f4be0fa1,39.0
b06ff502d9e3de07c906188f03e12441,39.0
03db7630fc9e7b8299533d72e2d90e7a,39.0
5e1a0070f00694e81ee54652444e4304,39.0
9d7cb24d301c70da876c32a1136830ab,39.0
5d7766d040102ae20d677b4949f68805,39.0
8ee6e05e678dcf4438b2818edb391f33,39.0
4190971f01a8c0395fac998daf10c7d2,39.0
bdbbfa7ea1860962a830654b39bbdbd5,39.0
5647936db1d0f7f3b99b1142e85e713f,39.0
1e1228a28e17f49b7b5653e772ac0139,39.0
205661e681bf43ee13676fe1db348743,39.0
2829a977446e09dac94f13b55fcc63ec,39.0
c7993f9b6c23f33d8ae8a1fe06b45ba5,39.0
fc00e3ad119217be4c8dc68a69eff229,39.0
11279c09ebc7410f90752e428424b632,38.0
98750d7319378b67df0ded91b5fcb285,38.0
dfa7a6f12fe3fb64c5efdcee5948c7db,38.0
f29944afcd428e9fb0fa28e091d98e83,38.0
a39287db83ceabd3261692c6f104eb59,38.0
afad55c14a71850e0e2d41b2ea071719,38.0
0bc35f8806fa466945679a986e6b7865,38.0
6f72422fbf0239d5c93b268de0b7b1a3,38.0
e3e537573e8a822c3b0783003fd76ee9,38.0
1e72f3390fd16fcfd92039c3bcb08987,38.0
4133b1d762169f3bc44dbdc1713eb4ee,38.0
eca2a435314a2b7c3add81291bfda1a3,38.0
b8b351fea40da1ca321f6d7ffaddc4a7,37.0
987cb3813da138d39d4b6282ff71510d,37.0
2447d0e2980fd2c1908e6797fed585a8,37.0
46a0a38e87e3fcf411ca704dfdae3af7,37.0
5d50cde001c8cc6376fb1714c119bc55,37.0
40dc6c59a1c582ba0a93e41c3abf3f6f,37.0
5b81099bca1e07d967ba41d7cff6a761,37.0
b899a7ec1ba5ca1af3c691cab2804ab1,37.0
7a0b2442d066694aebe9766a567aaf07,37.0
6112de9d146bf0ff1c4cf63195975bf9,36.0
841d5d53546dffd24a456f8822b49830,36.0
9d7b17cdc63298712b863d99395b1d11,36.0
ef3357743c449ea0e1aadc336c2666df,36.0
766954f8a419401385a92f015aab81e5,36.0
928cffc8f22e02dd5cb3398ea07f0db8,36.0
6afaf430a31215af5b6223da2343102a,36.0
1308e47aad469ba2ba138a406a7c4a10,36.0
21b1d5657f7521549edc9841c11a7d0b,36.0
83ce42ea337bc879b6bb162fdc3aa550,35.0
669819f42ff6d272a8e57e565c222cd6,35.0
3c5af22681d255e4efb7d1bf1323119e,35.0
155fbbae7e7cac5919c602d0592d00e4,35.0
d373e827ed46338bd52c3c1afcdfd3c1,35.0
813e367b8944fefad9dabd4f98f26292,35.0
f610135ccd6b69a4c10d51bcd8abfd1a,35.0
9d61ad65d37f494976f9846932e057b9,35.0
a1da83f87382e24666ef5d8a98e59907,35.0
e5d7c3a9b61415ffd0577d074a9cf2f6,35.0
5c3b6d2add47efe8677740695c9e2b4a,34.0
0fd655e50081a55379cc5bf3389a3a82,34.0
d2afdf0e502b8e47af4e2111c6408f1b,34.0
145777567926d37d793da06107da26ae,34.0
bf4441613f8c407ce8f0c97f9344391e,34.0
8da87146631019885d69332b3a46e042,34.0
41eedd03b6d3a60bf1aa05aaf58020b1,34.0
0f9f47884af0452c9db37b4e8ad483b1,34.0
abafb685cc6b2fb7c7a9c89f6dfdad2b,34.0
c5e7d5789633fe9b1b747c6e561715bc,34.0
f8cb62c3abcdf84b910b78acd6906bdb,34.0
bece317190e7d66dbec3d48ba0220743,34.0
ea5bbcc61c1ff3e5025722bef7681a02,34.0
c4bbf8abd697cd59981b4ee819392d56,34.0
e6afab9a39474d36ab29760c740396b3,34.0
7f2551234fb420b69e93b570b3df46ee,34.0
308d7e65cca04002ae62bf5bd93736db,34.0
19dfa21317dcd3cf12cba39f92218be2,34.0
b6be2bd14a4dcc51acce7f944dc8e350,33.0
12f39cf83f3c87aa8e3e432f12783416,33.0
16c6f304e53bc02831f4ebb413640647,33.0
c659c907987ac804abd67192a3aa709f,33.0
795759d901a960d3ba49ffdc364627f8,33.0
cb7ebe286f80e358dad3b9d698a7a2ad,33.0
c8d33c97fe617a9954d1aca369ce06f3,33.0
de03d6a85b609296cf5181bb0d39876f,33.0
f213f6ef3f6dd0a3e8884483ec181c96,33.0
4cdd06687bbd50ecd55f8d1609567f69,33.0
dc56b84a8d1d194706570bd1f9f52a91,33.0
f229203157db37ed5a72fabe36634bf6,33.0
c78856b098b4e9b6a6d87c87d6abbb69,33.0
bcef53e7f85599b4984ccc1560b7fa64,33.0
bb0e91ced66baa8b7b043b2776091e4b,33.0
8eed80f2e125a681cab71e980f2876f9,33.0
4deaa238d8d1d591068a05d4301950a6,33.0
73cda59e16276bd06432f1de2d353c73,32.0
cfcaf185084e8faa979f45a212dce042,32.0
065c888457575eba29d1c6494a635af4,32.0
d372050152c209e932ef44078c07776f,32.0
728b38252ea5fc6f0cb81599c4630103,32.0
6ef887cb1652057363faa5f0f8ef7466,32.0
f87c83eee0a93fc49175cbe1a1cf8e1d,32.0
cfeb01b2b77214365baeb44b8875bfcd,32.0
9a57da3c4c78c79e755bce116acf0e76,32.0
39c3fb9c5d6db665fd28628507c23369,32.0
7c5979cd990c836730e40ec816dc0dcb,32.0
f4a0ecd31c72f363188320352d0c40a5,32.0
25dfcc043bbcbe072f25917e7e9d3ef3,32.0
332e8326e1b7b39ca41de981805e4b1e,32.0
5150da36566accb2289cfdc3520f8777,32.0
38925d2625444c696c9642350b115da6,32.0
dcf990a9f2f541829be1f32387210470,32.0
7ae1a940ccc9a142ed86def6e7f26184,32.0
e9e028a05125808f4b8dbd72805a01da,32.0
77f4fbcaf9d331da3b728d92198d548e,32.0
a04d450387bbe4790f49a80cf66a1b64,32.0
e3aed830ee89735b1b6fcebd9329b502,31.0
146a3504512b0178a3eea9ccd7a5aebd,31.0
4b56fd2b800cd388589ed4cbc04eca97,31.0
12ecf32d406fc0f7028e538551b84c8d,31.0
941ff542dbdb4148f40ec303101a69cc,31.0
dca969003d133cddd6b5ca6c8fe0c5f0,31.0
29e32a90fc697e0ec7220bf92e44585e,31.0
5377f939e9b605111012b668b61fbae2,31.0
5b88da4149f68b7b75967a2cb462466a,31.0
038b3b9a01f19b094c7d8d7b1332391c,31.0
4959eb8a5d02719562ca0eaf08c6b6f8,31.0
e8f0faf2e286a44371440972af0cc3bc,31.0
a81630c9b756dc76b1690511467d1754,31.0
2bbde2d7dc5f26e6a000bdc2bfc22182,31.0
220e1ef31f7863d6e059c335d44a29c7,31.0
12bd0467fa05419ff80abf6dc919df9a,31.0
3deb4ea4eadd63c60f598910916e08ce,30.0
b3cb128c91698df46332cba3b0a3681e,30.0
bbe3dec58ad3e7d9d2964bf4271f6356,30.0
f16ba8f6e1bc82787b630bc297a5aff5,30.0
009f0234a7625555cd97ac6d5af0d935,30.0
6bf898167b309f1e707e43ff6da5e6bb,30.0
43c10d4a32c4ac69384fa6ec33c8b4f1,30.0
9b746556d60c54e35060e879496f5656,30.0
ab37a421f7bbbf048efcdb082a42615b,30.0
4f7e96ae62509ca8690143a5fd31d379,30.0
50c2d9e950d873ea60f44049b45f6af3,29.0
fa4214cfaed5f991c46b2a992beb9be4,29.0
7151defc50a93e3e6e13303c0b5db2d8,29.0
fdbdb01a3af5e4201d56726188c2207c,29.0
ae0109317d6b42693756cc811a689019,29.0
281f9ab1639a2ec1e0c751b7ad6244f1,29.0
8da16c79b5717bb8f61484751bfadb2c,29.0
934c5b9b3f8ed6976b73222415d75c9f,29.0
fba81c3e9a45dfced3abfe1fcf55b750,29.0
397119a93dcc1098a7eef05de649f986,29.0
7c1c96bf310d27edc881610e5a885796,29.0
c47908c55c942abbcee0eadab7144927,29.0
0ccf9d23dde4242d4a0220423bbda704,28.0
06adf9404e312ef4f2071cb15d6e2772,28.0
7eacce6918cb249b948e912bdf419ea8,28.0
40f94c8f74cf8f7336529501c53809e3,28.0
88b0a46c0c3a711d7f5784e611973f7d,28.0
06adf8ab3d7100c8d5a4ce0c1689b9ee,28.0
de9eb215b0854e024bd1b8729f64a521,28.0
bb0cae9cfdc4f531e7c56d79901f55ed,28.0
93486eee7ed6a9ae83f284f96c27fb91,28.0
6ded9db015723fc34f9f3b7ba5938af4,28.0
ef90baf22730f6bf820dfea63715f2f9,28.0
eb89016cf21db40040cd9a9d7e9d2a7b,27.0
a420310eec3c3b4eb7145b1e32594364,27.0
0fba5c5f5d1c3da2e9efea5b090e3158,27.0
89c9ec7d301ffd8d899ac8d3e6f7edc3,27.0
d600de17636ce35a68c8b40ebb165c91,27.0
e4a297f6551caaf0a81bb9ca2a40735b,27.0
c522569db2b3e86a54c8a9e5f5998d85,27.0
ef9d63acd7b18b5f451a24f981e0c051,27.0
4e13847491df2c0ba57ea1a64c16d4b5,27.0
842e7a774c7d2c024b87d1158e5dc49d,27.0
869ca424c13ac4f76787887de44e4ac4,27.0
6faba3c946d88d2a0e0b6d90572b658e,27.0
ee3cea7f0b48ed77fe7b4f59268b2876,27.0
34615c3344c7546ca2091b822234ffc2,27.0
00d6c1b1230d8ffd42cc9db0c543c973,27.0
6e4d8cd041217bc3a03a5855ae5ea4e3,27.0
bc92dcb86f05ce10626846450a44e4f3,27.0
f31f6455498c0de1a52a740b663c995a,27.0
b872f299bc79944276b9878065603778,27.0
9534c0593a0be16058df10fd138e7015,26.0
1141b8783cc940d8a8a7753f564966de,26.0
637a2512f4c397f5ed329c914376d109,26.0
a0970b889bd1289378a37ad72497c802,26.0
b93a703bf5b279cb274e104f1ac7d5b4,26.0
312ced5e724b218b4fb3537bc9fcb897,26.0
cc4cc79fd8c112365c06562ffedac044,26.0
d001895645de178c6f05656aafac6fff,26.0
c4ef9b1946f022ace96fe4b23aa27189,26.0
e51d1bb261b044b912676aec6b79d8e2,26.0
0602ecd8540d39ca8423bfc13faa27eb,26.0
10375ee94cf4de2dfbe1057dc04a3fb2,26.0
3fa4d20fbe99b79346e36719d560c787,26.0
c48fb05bddb7bdec2a190c76f2fb3251,26.0
11354854b68043f53bad81d4cbf2f097,26.0
f40fdf10b164670f69821d1c2cc9bd0d,26.0
93e616c596d8638619399ec118511c6e,26.0
76db8441aeef732e3a6d0acbc5569b36,26.0
f9a8bb47dd49649a1a0ba9ade09f5a2e,26.0
c2bdb09b17c9605dca61ed79f3bad6e8,26.0
ccba15f3eda4b0a5c290dc48c98dfcb3,26.0
dbe1dc53b86b27d4b9d4bb9344616363,26.0
fa2d964fd629e521767979e74ced6047,26.0
5a5c0a33df3e3e517156281497bf5f5f,26.0
9b4d79a29d646586a409bd46f21452ec,26.0
997f7e3fed322c2a35b375af57f71c3f,25.0
cad3ddfdb29e1174055fc72607450445,25.0
c0b932ea90ff24e1f83f71bd60c865ce,25.0
1dfccf73aaccf328eb25c805131973d0,25.0
3700f582eb039b500098b81dd5fde885,25.0
f652f2b55142ec1e90365d40a35c2271,25.0
fbb1973fa40f93e42640c8cfc0b0f644,25.0
f64c37562c1b50abee53b3affe12536c,25.0
f4c97eb8552a0a119ff88e926b6faca6,25.0
065860d190c3af4d8a2c42f14704b2c2,25.0
1a235a3cd93a0d9466b859c4c026f1e5,25.0
e88abcf64acea5f6a0be6e10987842f2,25.0
48b20efe565f743dc1f62298c48227d5,25.0
e06b8cb0801675779d35cf8f06477a5b,25.0
64ac069e50056014e8d53a283de13a10,25.0
3807a3d69466067dee6ff45adf569ba0,25.0
4498064fa5fe2e2a6db1015df0194399,25.0
129f6fa29ae4cca5d40296e33964019e,25.0
b1678aef481d175b4a6acfc8f8393411,25.0
f7ec12bc527702ca1365780c6567c669,25.0
ab666ff32715dd7332e904080ba4e7f9,25.0
f4760a7457556bfd9d60479e30aa34a2,25.0
9a00d15908ecca728fef16602681a718,25.0
ac2008a0010775a41f0b2c3f83248df0,25.0
1a0febc26d9fa22eccdf98fa59213a1e,24.0
0dcfcde8b25b2d9d03098ae30789d427,24.0
8c90e8926a01c9a6b1fc1c8e07db3acd,24.0
96c10d5da6075f4865fdfc71a992663e,24.0
c1e87156593cc7a1dcd6dcae2a8b3db6,24.0
9dd8a3756b75cfeddb0efbf58c12c5f5,24.0
fc1383c8bac7425eb4af02bfd3d2eae0,24.0
5eee4db276d4e4e4c1cd0cc21302a9a3,24.0
74afc01e7ac706bc9e39c3320a1a35ad,24.0
077724892cd07faa78fd63d89375e71b,24.0
069a3e7755f6ba2690961976674d2cde,24.0
10156e7775344b7cc79b9811ace650bc,24.0
317c9bde5207e573d718da927430c81b,24.0
8b74b70028db9f80a898604e6482189b,24.0
31a3ee8370271d6f22471d215ecad8df,23.0
da2294cca046291dcd62ded788353336,23.0
d23450462b885ef7af8b2d508b8ad819,23.0
c90fc43b2ba4c291c7ea25cec974e049,23.0
7a4371fe234606c500f9ca803d8ae1bf,23.0
11bd150837ac8755ebf488845f8e911a,23.0
625be9dac3dd8df337e7fbeef77b209d,23.0
72f9ada0229080a99d60ca838243da34,23.0
2cfda5578d8503d7128b1eb85d13d046,23.0
963dd061b651af1f97ea42d506174c68,23.0
d5357a938a3f9dcca919e84b944e501f,23.0
e34d7e7c45bd09123a33b9f20fc32f29,23.0
1be9df3fe9dfad24c622548b024cca47,23.0
3de46e22c1681a80dca0c6df4b9d86ce,23.0
47ea172a9659696a27bde070f4d5d1df,23.0
00ccdbc330550aeba0c1c5dad0142a3a,23.0
3e6506ba3fcb48e60cce0e5f807aa60b,23.0
779313cd89c2e2a027142802c2e78cff,23.0
be503b32f4a001e097b04a0c7f659f1a,23.0
63ba3f05d9e23577eed6811bb84ab878,23.0
9171c8f11081173475d3df6aa24f8d03,23.0
137bb09bd4f209f6be484157fec41476,23.0
2980776b79a993d77a2065277760574c,23.0
5feb0d595c645df30b670b33b66da82b,22.0
65f45027d0bfa6b760b6ed76474b5647,22.0
2f9b3714798beae901250013cfa51046,22.0
f4546d8859c2c3eecdbfb551d5df18f0,22.0
16aad4dd49134d67538c699eada06c97,22.0
5500b064b0af5d6fc3022fa0b2663899,22.0
068ca050590555475ef04bbea8a7ceb4,22.0
330969479d2596f67682f292ad7eb0eb,22.0
011fe74f973e9bd2fdeb9d2ca06b6ff6,22.0
03b4c544c359fd286102f757a7da705b,22.0
074f23121fb2ff22d876567710a631a2,22.0
dcb5e25baf20e540646d6982b28a48ef,22.0
8ce7f2231ff336b79d27351e272b5c16,22.0
511b38b3f8b63543ecdd1a7d7ff1ae7f,22.0
0af7ae104dcf6b0c4ff24d9eefac9600,22.0
eeb852b0f7f99f1e0c5116554c756076,22.0
7c1f16c6e88a75afaabaa670d14d7302,22.0
886f3193dd3d0968285fb5ab8cef4882,21.0
0da8160127350a1fa6439e6fd93f1f24,21.0
95323cd61cc8a7e59c1001cc24024027,21.0
c6a1e20e5cd15340ec30fa01550433a9,21.0
f0a76fb10e87294a505bffd53372257f,21.0
57041ef6c3c686154f5971765bb3c99c,21.0
acc0dc6030a5c39a4a5d2987027d02f4,21.0
1f0f536915a8072256644e099a02c1e9,21.0
81272b11b17d7a13d9591d96beb49c8f,21.0
3ef9e587f1426b28da2c3d655b43cc16,21.0
ed163107cacb2bcf3b34a471a55cb5b1,21.0
3760a5e7c18cea2f62f953ee29769af4,21.0
9b1fa530008c6fc9df7337922abaf13e,21.0
52839de10ff89a2c7e7a38af90f45082,21.0
7dd8ef6246a43da39f0bbb65ee4f0223,21.0
05e382f3b62ed22313043c1122355039,21.0
4299382455def625c54a55993595ee4c,21.0
0646cd79fb2ea332f6fc17a04103c5e7,21.0
b53359aa049e09778d60c8809d32e3fd,21.0
2bdfe355e224b36069b953418abaa38b,21.0
f399e0e14d0c59f1a9d952926092dba4,21.0
133260ac6467bf3897cbbc7b9f977403,21.0
288573a90eea2b59593226e0db77866c,21.0
f8a3008fd783ee92d1cf072521b92629,21.0
b7dc0ae2fa521dae744bceb352339f69,20.0
25012c55d4d0ce1eea40e8598367b210,20.0
2a7668d3d2e485e62d1f6cd44d4337d8,20.0
abd87225b1c5dbfc3ade2ffb15e31c5e,20.0
8bfa8687cc9f4f59936111de9d254074,20.0
041a44a1895b8ed561340d10cc6c4bb1,20.0
13bcb02d74f2bee495cf3b38f3115e5e,20.0
12477d663149ab423d4b126c96bafbae,20.0
6011e8e6a7a97383425b6a51dfd416e4,20.0
eb28105494ab95c92941f23470031194,19.0
97669e6005dc7af13d7b92282ecaafd9,19.0
321af19860dcdd56cadfc73edf2787c6,19.0
43e4a81f7049ef6ddc16fffd5ee0cdd7,19.0
83f43e70ee24fc1c625bda1bc7955018,19.0
99ca1f6bfba94958f19f99b69abcdfca,19.0
8bbf89fc6018d3aa8d588fd3d70f5b8d,19.0
d069f163880cd845a7e4baca87fa2405,19.0
4bbd33127f896b6641ac294da5b8ecf1,19.0
7efca86d599d258315cc94e204c1038a,19.0
7319b1822af8324659cd9beed7739180,19.0
9da8bf63a6f4b209f5477ec4350b941c,19.0
4ddeab2240a531f49ce56d504c7973df,19.0
4dd9e22022a449df94e7637ed31bd2ee,19.0
98afd709b9c05defc97fe2d15da77ce5,19.0
b846f21d324d17cbe0ce504a0ed26998,18.0
7dc65195700e5b29274a36f22c6368d8,18.0
f101d97b3156f3485d3750d9e89685fe,18.0
533e814fc11d5817dbd0cfe02c2aae1b,18.0
8c7c4fdd03da0f7cdb95b873cb7fe0bd,18.0
b84b8b64b83431d27520808be5742e11,18.0
6104c6c2ee4a8718c3045efcddc1bc13,18.0
fd196998218eff5684a2e0a29bd39905,18.0
710e7cd6b26e5d7f188c7809e27667ca,18.0
0189771083afb70e52af5f83671f0167,18.0
4ede42a3920b79590587a25ffdd1bf54,18.0
c5daa45edb7584aa908d36569ec80517,18.0
68e22c9928244135c54c6106ef287970,18.0
3ec28851c3b3735ce253a614969f1398,18.0
dc9c2ee9f6772b53a00a78461647f3ef,18.0
32c3e10e5724ff8fc947e04a818f079e,18.0
071428bd1ebb4fc7a99591cc04b9fcdb,18.0
fbfc49654f9d1c1e2a8b65564adfa92a,18.0
49119b2048b0da2088d0b6e252997e97,18.0
d129cd38d59b8d063dbf261f0e2994d7,17.0
74599bfbf5e90254866b08532f0eb1a2,17.0
1806c702088fe235ffed77557d0f751e,17.0
94dfa18d22fc29b53c0d273bcb45a7c7,17.0
1840434179c358e8f7776cdbe9740209,17.0
f41ae012d438cd9652156c9dec36bfc9,17.0
880a712782ab141302b810592290a6df,17.0
ff3efc73d46144fbd3000ba98067c268,17.0
c010d6923ef4767c6d7bb7a8ea574ac1,17.0
dfb9492d00b3f50e0de458706c2e6654,17.0
a22f6d1f16d21fed5b54a22eede3e97d,17.0
d92bed71e7acea5f274101c2e1e30f59,17.0
541cc124c5d3cac7d35e97f6be359cb1,17.0
581adef7caf4f14d184aa2884a5c7f8a,17.0
c5380e1ec625e559d2cf14c3c689ec39,17.0
8763aa012eb1e178d62f4e3de3a6e465,17.0
bb3fcd5d5fb82d0f8c8500f9d426cfdf,17.0
8c875282b9b298c365c20531cb01e2ee,17.0
4238cdcc7c2eb771f9e6563890cef0f0,17.0
030f327bc05aa6a231becc2a4c0604d9,17.0
34a93d186d9d6287432be8ca970cddaf,17.0
eb91e267ca0aebf9c9ede2ba615ad701,16.0
de4d0a3f16eb3d82dfd27a56d7aef1a2,16.0
6c750feaa82952f747d54dbe4715ed13,16.0
0b6b05a69f99ad0b80332239943c613a,16.0
f19d0546ef8329746b6390b6fb514a37,16.0
6c9eb1702147d0fa9a5ae27a6fc511f4,16.0
0bc78f8f47d6e59283889c18e1956fb8,16.0
222e19b557dcf526ba4d2253959da5cb,16.0
e6475f88bcead1166d6033e4670f6994,16.0
eaaa05f462ac1bfd38ef8cdfcb89abb1,16.0
695f0fe4a099c4c72a0c072e2f7347e4,16.0
61cae7e471ea9a7e050ba5fd8329b5d1,16.0
696d4e31bb79e5f3290f8b0cb5322b10,16.0
fb92754c76bf89f867844c91c55a25c5,16.0
7b236b439a617dcf31254ad5f3cbd6a4,16.0
821f0317fad0c45ca81c5047d12a470c,16.0
d7ebaede87c6ce9d37c59e0346b1c4c0,16.0
fa0bc7a4d2e02920ecd241b40dd4d217,16.0
8983d274b05dd37e67468f3324160cf6,16.0
00f9ecdc1a3636af4192637d66e3379f,15.0
74c9f378c33189bb26dae68b5292e69c,15.0
005d14a72bb63e02f48a8cdb011296a1,15.0
9826af08747197189e6cd7d8dd7ad01d,15.0
11450723ebf32b170559f2365bc80aff,15.0
4d0495a62d71e85883ea82a28628b3d4,15.0
87250b1d1c18085f6a3360cf9054af90,15.0
72cb3cb20925d386782f4f2d8c57a1ff,15.0
464c35decf73014b27a061e8858f7b5e,15.0
1001cfd4c7843999b5568f82c5672f59,15.0
d24432ec04848d41f837799b362ee4bb,15.0
fd482b2247f72581ed0aad472eb1087d,15.0
be6d8c4ac71419f8b05e9539f4a74985,15.0
99d2ce7d16e57cb9378c637e2571f81b,15.0
3def876775a8f11b73221926bb91b0f3,15.0
1012f5a0bb196cacf47a3e31c948be3b,15.0
0513bb619b7cb8576e9e684a263579fe,15.0
ba33ad1244bf9ba038cb519a094ec405,14.0
c52fe9f9957d2b9a1426c2b1ade31849,14.0
91db80be1bb0b63a2d48a99822a076e0,14.0
9d1e1393e8c6f73f11548b99be66bf71,14.0
48d6e519d9bd82e34b6b71569bb3fc19,14.0
05e4b64ec39fe91e902c2ff2d2166355,14.0
2731677776f0fad6591390caed49d6e3,14.0
a681f9edc04294c45a6bff2705dc5480,14.0
1427146f3b4049cb756ef619f7ce982e,14.0
84d6b26ab94c7185f6f9caa3f261db32,14.0
efba874706ac44be881e174d8a4fdf7c,14.0
784edd1aee1cf19c84ac008048be6837,14.0
9d5e8250c5be7548a4b7e8f730e00995,14.0
030a2604ffd30574dfe525f959a8bc9f,14.0
cfdedc461a6fe9b10866d8d8b22e08ad,14.0
b0ccb70393503de64ad89b74dcfcd80c,14.0
bef906fb6e6cd14ceb96b7cf3d2f9466,14.0
ee7e5514d6e00b0f9a4f3da2d3fbcc03,14.0
cbf5b98a73ea5c4306d22144a4d3309f,14.0
1dd078d7828447fa6e971aaa0ce4b32e,13.0
82731af8c0d97d02ea15ddc5988ded5e,13.0
6f8b11a5f67c0aac27615bcb0591a406,13.0
3124e8994c9723b3cb9c1c5aec39c224,13.0
f145f36cd68047d792811cb913f000a6,13.0
aa12b0f58adab9711aa266996828e829,13.0
39db828cbee743d0427b04a73bfc5bd1,13.0
787f246d0e8779cd6fd38c46762f3054,13.0
374adfdcb3a625eb7ed0ce4242ce6b2f,13.0
18a1c4e954dfa498e0da242758ce8bf8,13.0
6d20ed6d9886dfa8cc412871066a73d8,13.0
2afba97bf667d601ceaebb976587c3ca,13.0
92966095aed1b16d998fc87765f11a85,13.0
d9a4309014d3511fb85de0f59cfd2042,13.0
d698a03439e7b1c93f6957828ba3f2a5,13.0
76dd8a4a1b6f04acb63bd039c86cfa70,13.0
5d3d3d98cc6926c476084d0b23e7f900,13.0
a302047f829e197840c9304e1614d45e,13.0
b6d864d5ca810d25a2ce56197fdb4de6,13.0
6d91f082b23f3ded3fba1b08fe9c01e2,13.0
9c34f9bb6f3280a725d400c49af0369c,13.0
73d427306afbfa96d28936ba921d0500,13.0
1dd4d8068f8abeb13cb8676c2a66769a,13.0
d1abcd9fddc00d35c8d65c1909c4a36a,12.0
2498a76cadc8502986ca1c62699178ec,12.0
b5386453b0e38a8ba23d24e4e42946f3,12.0
622cf8cef4b0a8128089653942f5a6bc,12.0
b8902f5fde490938fc689731e8825713,12.0
bab6aaf9bf9a28dc0d1159add3c901cc,12.0
1ca9210c7f78b165a7efe1ae04e6871a,12.0
fcfe5465eea30b9474f9dcde2dd74d95,12.0
aa3dd2a848e3c799d7ef97c305a4aca9,12.0
a92ef77b0fb22df84ef31ade352e4f00,12.0
5e553c93a7e1072f1f10291c4b29a2ab,12.0
4754960f02bbb69e1efebb93811098f3,12.0
795d6cc23786cb58412e4101a7b753ed,12.0
a0fef0ec3bb04f2f3cf2766a23bd468f,12.0
9204f317c2a9c679569bd71d7e5cf4f9,12.0
d1cb522f3b9079afcc786e276d00dc34,12.0
49896b5241c7817946bf408a16867a66,12.0
2f32d2b6190d3a4c9f68580d9cccea7a,12.0
2c72ad1b1645cd9e918bb7a4d5ea5eb1,12.0
aaa3b691dc5b3eb5cc26c1a0a1dd9c0e,11.0
79ede3e5655f51980fdec46cbbca3391,11.0
80880c0a6b8e7945b7d9e36d82eeff26,11.0
85cf5487ec32b150cf5df137017db8b1,11.0
3cac6d0d8214e2b84b4e489ec19a90b9,11.0
3e9b72264cd392c1b000cb2a9595e080,11.0
167f6d61a705751f847be9d29d74d590,11.0
3897e36e40ecc2b904141414faf96f87,11.0
66e7de99c199596296191df486598526,11.0
2d79f0171c2bad3029760d296a8f7960,11.0
e2971084cfa18c07c0ae2718c4c0e1c1,11.0
1172024de601eaa259499ab36acc5e4c,11.0
db8aa07540193facd12492bc57a7f107,11.0
c82ccdbb46a6673445a732812c7ec8ec,11.0
18ffc2be851e335df7e5f11e7f56c1b2,11.0
73c7df4e6266a82f0b74d0ad8fb22575,11.0
4d1b8ffa3dee508ca793061596653e40,11.0
d6b44ca7c1a2a53fc8f918efdf5cfa8f,11.0
55f4dc6c3bcd31a86a6867b166a19b5f,11.0
edb371cfa19cc3f86c81d76c4e170318,11.0
06d48f32b2ee9982f43d24e494728c9e,11.0
c3279d66109df025d7f7f4d631174761,11.0
7cae058a11c0d859a83113e9f3f2b29e,11.0
a39edba2688165f15a11393941146346,11.0
4f9627f782a5374a3f42268d15ea638d,11.0
d1a6a4c5408a6e069d7ee8ac8405fe5c,10.0
32c341670f47028cb0c78e9148624203,10.0
b3b3dbaa98ddb4d0b2501257603e18e1,10.0
f2ad645f911f8d272dd9daa86f43d09e,10.0
2e66c3b7bdf8179f21812df0f428cb79,10.0
5431a4054d135c03ee5742e64ed49e49,10.0
15b86b409840300829b7bdf756398bc7,10.0
3f2933a1c2494b397f7b31ef1aae0d27,10.0
ea49897dee4c4f5cd3fb30f45ba4ef74,10.0
94b8ae15e2f7450967471a8ec4fa52f2,10.0
b0935fe808214e6c4cc036c57a68943e,10.0
e0a6cede4e11b74bb5753a36717ce1bf,10.0
9aeef3ca744c026c706a4da03650f9e0,10.0
cd38233cddd4b94c9c42273572e1fcbe,10.0
bc5058759d5d9e71215e3c6400ed0679,10.0
1ef67709b115d2a10c7a4336c7460eea,10.0
0ff32400e8ac26102433c301164f3091,10.0
d42dcc2174636bc44a534e1fa8d74525,10.0
90bd33a0b417966334ade2099c3d2031,9.0
c9cf03379cf5325cd8a0b30055ea6aef,9.0
6988863edaddb2334f2fd4add7744020,9.0
2a4599f059cc49865f5ee90ce335cfb6,9.0
dde5b0c86d411149c998c7319086d2db,9.0
1c9658fccac87baa6575508409b523a2,9.0
7e13d3da09a7930b72da29aa35b675b7,9.0
bd1a738292abaf229b0e3f98ebe10d88,9.0
7b59e162b6da40bea5b45409832d8e28,9.0
14b3099ffd50ad128324aac1a5201a19,9.0
b12a4f705eb2afa10019b5a88e78d3d5,9.0
a65629d84f1b7d65b03d820730fa87b5,9.0
b6cfe3bee83691922aa60b7961fa9415,9.0
a980d598986e124b11661c96ae24e574,9.0
35891395a06619005543386c92ced872,9.0
99c30c4a3f19eb17ac64bedd99a692f8,9.0
a019c5483b55fa9eef2ddb111411db2a,9.0
fa0e1ddc802da24ec82b80bc65cf876e,9.0
fa6e5c9fc4fe25db5a0c46bc3df2ca93,9.0
28b9556fff6ca6ffc797342869f709ef,9.0
aaf810dba16c22f542424a94eb7cab94,9.0
10e4c1812b11cc9c041c45217cb9a2e7,8.0
c912624ba2534f8acb4f6f28d48ac364,8.0
af271728c83c92f63b9735667b4031ff,8.0
d61109f7fe239367ce1794e81adc0f36,8.0
46c4200ba01468236a9d495a149080b6,8.0
e32532ea640ef1ecc0e716a9ed245901,8.0
6b1f1411283f6d6080fbd6345606a902,8.0
70fe8fa7118f077ad0e4360e4175ef38,8.0
4f001a055158f67171329e1ade897a4d,8.0
d3681375debb5e1f5c4551be7fe99e74,8.0
736d7d1411ca97ca74ca983df8a35ed6,8.0
f438d822fb349ed7797eeb24b0c51261,8.0
f5fde88872a28e602e22c754164ed056,8.0
59ca1bd30df69e0eedb0f9650bd646ee,8.0
c14129b2af806534230db0a4d07ea7cf,8.0
d6b1e70332a2e31c23781b6da2af969e,8.0
d2dd6ced3e30ae089d0c5c0d6cd8582e,8.0
e88400af08cd228e23b1fefa4916066f,8.0
10b017d7e3e7375bf253c7424a0de28f,8.0
07aa25d9cea9662ec806baefa46c005c,8.0
8a3a100cdcdfead09376c70d5715ee33,8.0
29b211557396b965dadba70e1ca97663,8.0
938698eee9a47afb5d1ddb2b3a6898f9,8.0
afa068404f4502b71c51d1e5aa140ae3,8.0
a1c7cb03456c1ac4e059d3a506b07e05,7.0
d0da6bb478fef1590eaf1197eb0d59c5,7.0
954d68fcd9c146229eb23680cbc1ce9e,7.0
e61da3c97b6a36aa96cbe86f42f25352,7.0
a58c6c28a403724d25ea2ba2673af9f9,7.0
23afdeb0db7b4e25a35260ec62138eb0,7.0
1ccd0a963553fce6fc564629f210ba12,7.0
afdd4eeb3e67292973de5fd86946b456,7.0
1df289fd652c9006ba92bab8873468f6,7.0
ab56b72cfdb8f630133d1c30b5756bdd,7.0
63ce11894ff2e1ac0429da5d94ca4939,7.0
9ba86e1f09ff9d565ba320e9fb439b32,7.0
403e57ab8de05e8e323af0f85c066bbe,7.0
07d90e683c22a798517f0fdf407d4e89,7.0
f05a266732b2120c6561354c1f651a7a,7.0
19090333a78aa26130b57cd6bdcb7c46,7.0
6e2ac8fa1a8f964f69a5741a31a9107c,7.0
f3902dbbb0a25622ecad0424ca947e25,6.0
b31cbbb91d432f4f6c61f752c88678db,6.0
777716dadae5d2f30926302e06b5f5ef,6.0
5dabd31dae79a8f8b1d311b3df71a053,6.0
019bef0009f26672c72ffe442243dbde,6.0
e5d460bd2278b562aeec9d5597288af0,6.0
76334d977ca8bcb040c95d66a581f42b,6.0
2e9968465afef7efe4305aefd72c8255,6.0
18c7146030d461a1ae6ea650e0438abc,6.0
1be5492a02509112c4b39d149ba58e41,6.0
fe793eb40f36636442c8be2db0a3951b,6.0
40d544afe19cab298d1417060f5503f9,6.0
1b94efb5f6f9169d547f1e47717f724a,6.0
ad1ad27d03f795154689f3b7644c5993,6.0
a1a60b506ff07bd6a9ebb24deddfeb55,6.0
62efb40a7a44be0535dd974afefa8a81,6.0
1168f02e5490a8b1c2c79a70e86bdee6,5.0
d3e325173ff2eeb1feb866c2e9fd2630,5.0
af6d283aa2165898a097f09c58a0f93e,5.0
8fc134f1088648e49eab7ca3d95eb7bd,5.0
f2ba3cec62b95929814ab2a60bec2443,5.0
d2ba1a4507e00bdf60e227de722562f6,5.0
6a31f182a74e7c1a2c020dbc241b751f,5.0
0ccbc0b732ad81a419a121f25352cc7f,5.0
8c3315e4fef17adb7624dabbd8c761ed,5.0
d3d1f737d3d49d4c233f13eec19cce66,5.0
96b00a34382480ef54fdcf4bb6f121cf,5.0
a7b06cab39ac55d21bb4da5e009b8df6,5.0
fc0613eac090aeed7773cf46963c7d65,5.0
c3d4947181a7b5c67756408efc4fc2e9,5.0
dd95f3f5deae6cc1966fb8659b7bdbd1,5.0
95699a76e82db221a64aeadd3b836e46,5.0
de3d56cfe561568956388250482cd333,5.0
ad6a3a45296ab558f7ede01d66427d2d,5.0
a7baf705e58298a995ef8ebb4eb92ca7,5.0
4eca93307dfa47c844655b51904380d8,4.0
0ead2d4efc0280561d9f278a5fb18433,4.0
1c6758a2862e34e388960c32eeaae270,4.0
2e533bbf4488e0035ffac5c3f3bd945d,4.0
98939eb0d9bb7af09123e1eb45a75ddc,4.0
43683e63ec5e58bb7d9e38425f7d5aa2,4.0
4e87d03d3434746283f0c40933b5ce66,4.0
0396e03d0e20adf4570fed4896b20ca1,4.0
c771391db3749a005a2ebea894730b97,4.0
9a4a0b4612918c246e739637a1ab332a,4.0
ace2160de5fb6c87af6aea3d74c9eba2,4.0
06096c2f5f07552e3054e46742b382fc,4.0
3d9f74d68907bd8642c4e8ed21e59d26,3.0
c78415c753e8d2b91e9412b1aa203109,3.0
c12e23fa95e8508b70b0817fcb413b80,3.0
2bbd7ab396e39e2cead54025bc0003ec,3.0
c1ee95cc8824f708e460f0adab26346f,3.0
cfd55a72ffc6585b8f081abe1a8743a6,3.0
be2659b6ec7ce59af250609933d85c15,3.0
478e1df741daa9a75c2269fb6b4ab3ee,3.0
78d6f0fda6f6ec6e828361dbfa32747d,3.0
63d2332c23eae83650dc43781954c9c6,3.0
9e0dc9618a9e68fcfa38567fbd10bfef,3.0
14cefc22ee2c0344ffb42394e56d8897,3.0
6e1948d90a2960e4d427ac8314cb5c9c,3.0
650e735fe47234747f19aa344dd8bff7,3.0
b7f02fd5315cbe5d905d2d653cefbd35,3.0
e49d146e27dc22f66a481848b1b239fc,2.0
c10c167ac9b977fdc504f5aab2016d9a,2.0
34de19691384ee11247789f630dc97c8,2.0
261f02b4e6bc219cfbee5310ab880854,2.0
5aac1c4328d94fc1029aa4ef960ba96c,2.0
e50225d4de163476a211fe8db73ef2fb,2.0
72c8e2ada58e8f6adf44e6200f4774c0,2.0
053a86c7407d79b9aa9d7d0efc009a0d,2.0
074fe7f45c45a7fab85c47690025d9c8,2.0
08646e3d6130f05de6da07c889e1abe9,2.0
4836a3231d3a30efb27b9e8bb936dc5c,2.0
083b57baa351cbfb7c735efa025734cd,2.0
dfab4b2e20c72c44596a5c02290c1771,2.0
561b67a43acf3cec44e4bea3e0a03693,2.0
78e33842cfc34ed7eab98232d935aad4,2.0
eea0216e6707af8d4fa4191e240fab81,2.0
36826e9043127eceab460f001bacac03,2.0
7a12ee77c3a42c5ccfe61879df368ca9,2.0
fafa1709ff204e49d83a709dbfafb7e9,2.0
b045e997a5e3974afde16376c4f81496,2.0
fa16e8e0c121c42fc5505c7bb5e30288,2.0
5fee696f772d2a17bd8cef0bab949739,2.0
eb2033216e5c8bd176d409b4905d7b37,2.0
77158ae29cbf17abc47d10df0e9c8ede,2.0
fa7b1ed34334342396c9d54e7ac388ac,2.0
9458dd45b51f243fba0a9e0bb432e5fd,2.0
7eb84930636f334748e592c0c1972076,2.0
c9096fae3ea5378953ea4814d6c76726,2.0
ae9c74c2ba45fee6ec0acc4b91210ff6,2.0
fe7f2b15bc72750f4a65a45cd59abb68,2.0
86c3799edc5dfe6f96dfded86914a351,2.0
3b289d920a77a075428d5040d012db7b,2.0
1558aa90a8c3280f5b7aa081e2dfceee,2.0
6389109248298d65e418680c07862f93,2.0
bddd69412fd96625991bc5dff3831c04,2.0
d75c617796a168c2fd089a361d146e91,2.0
8062d512871c12899cf949cc6d9d345b,2.0
3b2d87220a0f092ee0a41ceed30e34ba,2.0
5e6000bc83c188f8fac97f3cf8b00778,2.0
8fdc3a72ec4532474ec1d25043b2b127,2.0
4fbd467847bb3fcf060e51561256efd3,2.0
28718efc04132c710f2839fb6cdb39ad,2.0
f5626dd10f4fb7686bf58feb3370606c,2.0
d580774697b6393bc103891d0d2eb5ba,2.0
cf2adf557dc0b298ea05eac654ee48b8,2.0
d2127acd33828c842682733294a5eb52,2.0
eadd3d862dbd6406d123c328c593c791,2.0
4f0fe0173ee659c0c3eb6b90c22436a4,2.0
f61c8c6e49eb3d800c43239d92909069,2.0
90c8914fa0eb2a84ef3ba55b7074a700,2.0
738baf238e2e3a3f102c9cd49fab4df0,2.0
74110b57d6045153c6a51dfd65f8e00e,1.0
